claim_id,paper_section,empirical_claim_summary,exact_numerical_value,phase3_phase4_source_file,source_variable_or_table,sec_10k_provenance_citation
CLAIM_01,Section 1 / 6.2,Aggregate cash returned to shareholders across 8 firms (2020-2024),"$233,169.5M ($233.2B)",PHASE4_TABLES.md; PHASE4_DESCRIPTIVE_STATISTICS.csv,Table 4; Row 1 (total_cash_returned sum),SEC Form 10-K Consolidated Statements of Cash Flows (Financing Activities) across all 8 firms (2020-2024)
CLAIM_02,Section 1 / 6.2,Aggregate cash dividends paid across 8 firms (2020-2024),"$113,828.1M ($113.8B)",PHASE4_TABLES.md; PHASE4_DESCRIPTIVE_STATISTICS.csv,Table 4; Row 3 (dividends_paid sum),SEC Form 10-K Consolidated Statements of Cash Flows across all 8 firms (2020-2024)
CLAIM_03,Section 1 / 6.2,Aggregate common share repurchases across 8 firms (2020-2024),"$119,341.4M ($119.3B)",PHASE4_TABLES.md; PHASE4_DESCRIPTIVE_STATISTICS.csv,Table 4; Row 2 (share_repurchases sum),SEC Form 10-K Consolidated Statements of Cash Flows across all 8 firms (2020-2024)
CLAIM_04,Section 1 / 6.3,Standardized CET1 ratio range for GS/MS/JPM (2020-2024) and Stifel Category IV average,"13.1% to 17.4% (GS/MS/JPM); 11.24% mean (SF)",PHASE4_TABLES.md; PHASE4_DESCRIPTIVE_STATISTICS.csv,Table 5; Row 10 & firm means,"SEC Form 10-K Item 7 MD&A Capital Resources for GS, MS, JPM, SF (2020-2024)"
CLAIM_05,Section 1 / 6.4,Advisory boutique compensation expense ratio range at 2021 peak,60.1% to 64.0%,PHASE4_TABLES.md; PHASE4_DESCRIPTIVE_STATISTICS.csv,Table 6; Row 18 (compensation_ratio min/max 2021),"SEC Form 10-K Consolidated Statements of Earnings for EVR, LAZ, MC (2021)"
CLAIM_06,Section 1 / 6.4,Advisory boutique compensation expense ratio range at 2023 downturn,66.0% to 71.6%,PHASE4_TABLES.md; PHASE4_DESCRIPTIVE_STATISTICS.csv,Table 6; Row 18 (compensation_ratio min/max 2023),"SEC Form 10-K Consolidated Statements of Earnings for EVR, LAZ, MC (2023)"
CLAIM_07,Section 1 / 6.4,Advisory boutique operating margin range in 2021 peak,20.1% to 30.2%,PHASE4_TABLES.md; PHASE4_DESCRIPTIVE_STATISTICS.csv,Table 6; Row 19 (operating_margin min/max 2021),"SEC Form 10-K Consolidated Statements of Earnings for EVR, LAZ, MC (2021)"
CLAIM_08,Section 1 / 6.4,Advisory boutique operating margin range in 2023 contraction,5.1% to 15.0% (GAAP -3.4% LAZ),PHASE4_TABLES.md; PHASE4_DESCRIPTIVE_STATISTICS.csv,Table 6; Row 19 (operating_margin min/max 2023),"SEC Form 10-K Consolidated Statements of Earnings for EVR, LAZ, MC (2023)"
CLAIM_09,Section 1 / 7.3,Panel A Lagged Repurchases (t) vs Next-Year ROE (t+1) association,"r = -0.049, p = 0.858, rho = -0.035, p = 0.897, N = 16",PHASE4_TABLES.md; PHASE4_CORRELATIONS.csv,Table 8; Row 2 in correlations CSV,Lagged pair analysis across 4 transitions derived from audited 10-K Cash Flows and Financial Highlights
CLAIM_10,Section 1 / 7.3,Panel B Lagged Repurchases (t) vs Next-Year Operating Margin (t+1),"r = -0.403, p = 0.194, rho = -0.385, p = 0.217, N = 12",PHASE4_TABLES.md; PHASE4_CORRELATIONS.csv,Table 8; Row 20 in correlations CSV,Lagged pair analysis across 4 transitions derived from audited 10-K Cash Flows and Statements of Earnings
CLAIM_11,Section 6.1,Total Net Revenue expansion across all 8 firms (2020 vs 2024),"GS +20.1%, MS +28.3%, JPM +42.3%, SF +55.9%, EVR +31.1%, LAZ +18.6%, MC +26.6%, JEF +52.8%",PHASE4_TABLES.md; PHASE4_FIRM_CHANGES.csv,Table 2; firm changes CSV,SEC Form 10-K Consolidated Statements of Earnings / Income (2020 vs 2024)
CLAIM_12,Section 6.1,Investment Banking fee surge in 2021 peak across major firms,"GS $14,877M, MS $10,994M, JPM $13,216M, EVR $3,240M, LAZ $1,927M, MC $1,541M",PHASE4_TABLES.md; PHASE4_DESCRIPTIVE_STATISTICS.csv,Table 3; investment_banking_revenue 2021,SEC Form 10-K Statements of Earnings and Note disclosures (2021)
CLAIM_13,Section 6.2,Longitudinal Cash Dividend growth rates (2020 to 2024),"GS +92.5%, MS +124.1%, JPM +16.5%, SF +208.0%, EVR +27.4%, LAZ -9.0%, MC -34.9%, JEF +88.3%",PHASE4_TABLES.md; PHASE4_FIRM_CHANGES.csv,Table 4; firm changes CSV (dividends_paid),SEC Form 10-K Consolidated Statements of Cash Flows (2020 vs 2024)
CLAIM_14,Section 6.2,Expansion of common share repurchases during 2021 peak,"JPM $18,408M (vs $6,517M in 2020); MS $11,464M (vs $1,347M in 2020); GS $5,200M",PHASE4_TABLES.md; PHASE4_DESCRIPTIVE_STATISTICS.csv,Table 4; share_repurchases 2021,SEC Form 10-K Consolidated Statements of Cash Flows (2020 vs 2021)
CLAIM_15,Section 6.3,Five-year mean Standardized CET1 capital ratios by bank holding company,"MS 15.82%, GS 14.66%, JPM 13.92%, SF 11.24%",PHASE4_TABLES.md; PHASE4_DESCRIPTIVE_STATISTICS.csv,Table 5; cet1_standardized firm means,SEC Form 10-K Item 7 MD&A Capital Resources (2020-2024)
CLAIM_16,Section 6.3,Temporary elevation of Supplementary Leverage Ratios (SLR) in 2020,"MS 7.4%, GS 7.0%, JPM 6.9% in 2020; adjusting to 5.2%-6.2% following March 31, 2021 expiration",PHASE4_TABLES.md; PHASE3_RAW_DATA.csv,Table 5; supplementary_leverage_ratio,SEC Form 10-K Item 7 MD&A Capital Resources (2020-2021); Federal Reserve Interim Final Rule
CLAIM_17,Section 6.3,Stifel Financial regulatory SLR status under Category IV rules,NOT_APPLICABLE (Exempt from SLR calculation),PHASE4_TABLES.md; PHASE3_RAW_DATA.csv,Table 5; RAW_SF_{year}_supplementary_leverage_ratio,SEC Form 10-K Item 7 MD&A Capital Resources; Federal Reserve 12 C.F.R. Part 217
CLAIM_18,Section 6.4,Five-year mean compensation expense ratio by advisory boutique,"Evercore 63.5%, Lazard 64.0%, Moelis & Company 65.4%",PHASE4_TABLES.md; PHASE4_DESCRIPTIVE_STATISTICS.csv,Table 6; compensation_ratio boutique means,SEC Form 10-K Consolidated Statements of Earnings (2020-2024)
CLAIM_19,Section 6.5,Boutique funded long-term debt and 2024 cash cushion amounts,"EVR $0 debt ($687.4M cash); MC $0 debt ($432.8M cash); LAZ $1,674.0M debt ($1,155.6M cash)",PHASE4_TABLES.md; PHASE3_RAW_DATA.csv,Table 6; funded_debt and cash_and_equivalents 2024,SEC Form 10-K Consolidated Statements of Financial Condition (2024)
CLAIM_20,Section 7.3,Panel B Lagged Investment Banking Revenue (t) vs Next-Year Operating Income (t+1),"r = +0.470, p = 0.123, rho = +0.503, p = 0.095, N = 12",PHASE4_TABLES.md; PHASE4_CORRELATIONS.csv,Table 8; Row 29 in correlations CSV,Lagged pair analysis across 4 transitions derived from audited 10-K Statements of Earnings
CLAIM_21,Section 7.3,Panel A Lagged Cash Dividends (t) vs Next-Year Efficiency Ratio (t+1),"r = -0.483, p = 0.058, rho = -0.218, p = 0.418, N = 16",PHASE4_TABLES.md; PHASE4_CORRELATIONS.csv,Table 8; Row 6 in correlations CSV,Lagged pair analysis across 4 transitions derived from audited 10-K Cash Flows and Income Statements
CLAIM_22,Section 7.3,Panel A Lagged Standardized CET1 (t) vs Next-Year ROE (t+1),"r = +0.174, p = 0.520, rho = +0.162, p = 0.549, N = 16",PHASE4_TABLES.md; PHASE4_CORRELATIONS.csv,Table 8; Row 10 in correlations CSV,Lagged pair analysis across 4 transitions derived from audited 10-K Capital Resources and Financial Highlights
