firm_name,ticker,variable_name,exact_terminology,accounting_basis,reporting_status,unit,availability_2020,availability_2021,availability_2022,availability_2023,availability_2024,primary_source,source_url,comparability_assessment,exclusions_and_caveats
"Goldman Sachs Group, Inc.",GS,Net revenue,Total net revenues,GAAP,Directly reported,USD Millions,Yes,Yes,Yes,Yes,Yes,10-K Consolidated Statements of Earnings,https://www.sec.gov/Archives/edgar/data/886982/000088698225000005/gs-20241231.htm,Directly Comparable across BHCs,"Revenues net of interest expense; includes market making, principal investments, and banking."
"Goldman Sachs Group, Inc.",GS,Investment banking revenue / fees,Investment banking fees,GAAP,Directly reported,USD Millions,Yes,Yes,Yes,Yes,Yes,10-K Consolidated Statements of Earnings / Segment Reporting,https://www.sec.gov/Archives/edgar/data/886982/000088698225000005/gs-20241231.htm,Directly Comparable,"Includes Advisory, Equity underwriting, and Debt underwriting."
"Goldman Sachs Group, Inc.",GS,ROE or ROTCE,Return on average common shareholders’ equity (ROE) / Return on average tangible common shareholders’ equity (ROTE),GAAP (ROE) / Non-GAAP (ROTE),Directly reported,Percentage (%),Yes,Yes,Yes,Yes,Yes,10-K Item 7 MD&A Selected Financial Data / Executive Overview,https://www.sec.gov/Archives/edgar/data/886982/000088698225000005/gs-20241231.htm,Directly Comparable to MS & JPM,ROTE is non-GAAP and excludes goodwill and identifiable intangible assets.
"Goldman Sachs Group, Inc.",GS,Efficiency ratio or comparable metric,Efficiency ratio,Non-GAAP (Directly reported in MD&A),Directly reported,Percentage (%),Yes,Yes,Yes,Yes,Yes,10-K Item 7 MD&A Results of Operations,https://www.sec.gov/Archives/edgar/data/886982/000088698225000005/gs-20241231.htm,Directly Comparable to MS Expense Efficiency Ratio,Calculated as total operating expenses divided by total net revenues (lower is better).
"Goldman Sachs Group, Inc.",GS,CET1 or relevant regulatory capital measure,Common Equity Tier 1 (CET1) capital ratio (Standardized & Advanced),Basel III Regulatory Capital Rules,Directly reported,Percentage (%),Yes,Yes,Yes,Yes,Yes,10-K Note 20 (Regulation and Capital Adequacy) / Item 7 MD&A,https://www.sec.gov/Archives/edgar/data/886982/000088698225000005/gs-20241231.htm,"Directly Comparable across BHCs (MS, JPM, SF)","Standardized CET1: 14.7% (2020), 14.2% (2021), 15.0% (2022), 14.4% (2023), 15.0% (2024)."
"Goldman Sachs Group, Inc.",GS,Total capital / tangible common equity,Tangible common shareholders’ equity / Basel III Total Capital,Non-GAAP (Tangible Equity) / Regulatory (Total Capital),Directly reported,USD Millions,Yes,Yes,Yes,Yes,Yes,10-K Note 20 / Item 7 MD&A Non-GAAP Reconciliations,https://www.sec.gov/Archives/edgar/data/886982/000088698225000005/gs-20241231.htm,Directly Comparable across BHCs,Common shareholders’ equity less goodwill and identifiable intangible assets.
"Goldman Sachs Group, Inc.",GS,Dividends paid,Payments of dividends,GAAP,Directly reported,USD Millions,Yes,Yes,Yes,Yes,Yes,10-K Consolidated Statements of Cash Flows (Financing Activities),https://www.sec.gov/Archives/edgar/data/886982/000088698225000005/gs-20241231.htm,Directly Comparable across all firms,Reflects actual cash paid for common and preferred dividends.
"Goldman Sachs Group, Inc.",GS,Share repurchases,Common stock repurchases / Payments for repurchase of common stock,GAAP,Directly reported,USD Millions,Yes,Yes,Yes,Yes,Yes,10-K Consolidated Statements of Cash Flows (Financing Activities),https://www.sec.gov/Archives/edgar/data/886982/000088698225000005/gs-20241231.htm,Directly Comparable across all firms,Actual cash paid under share repurchase programs; excludes stock-based comp withholdings.
"Goldman Sachs Group, Inc.",GS,Business / technology investment,Communications and technology expense / Capex additions,GAAP,Directly reported,USD Millions,Yes,Yes,Yes,Yes,Yes,10-K Consolidated Statements of Earnings / Statements of Cash Flows,https://www.sec.gov/Archives/edgar/data/886982/000088698225000005/gs-20241231.htm,Partially Comparable,"IT operating expense line ($1.3B-$2.0B) includes market data, telecom, hardware; Capex ($2.1B-$6.3B)."
"Goldman Sachs Group, Inc.",GS,Relevant leverage / balance-sheet measure,Supplementary Leverage Ratio (SLR) / Tier 1 Leverage Ratio,Basel III Regulatory,Directly reported,Percentage (%),Yes,Yes,Yes,Yes,Yes,10-K Note 20 / Item 7 MD&A,https://www.sec.gov/Archives/edgar/data/886982/000088698225000005/gs-20241231.htm,Directly Comparable across BHCs,Total Assets ($1.16T-$1.68T). SLR is 5.5%-7.0%.
Morgan Stanley,MS,Net revenue,Net revenues,GAAP,Directly reported,USD Millions,Yes,Yes,Yes,Yes,Yes,10-K Consolidated Statements of Income,https://www.sec.gov/Archives/edgar/data/895421/000089542125000304/ms-20241231.htm,Directly Comparable across BHCs,Revenues net of interest expense. 2020 recast following E*TRADE acquisition.
Morgan Stanley,MS,Investment banking revenue / fees,Investment banking,GAAP,Directly reported,USD Millions,Yes,Yes,Yes,Yes,Yes,10-K Consolidated Statements of Income,https://www.sec.gov/Archives/edgar/data/895421/000089542125000304/ms-20241231.htm,Directly Comparable,"Includes Advisory, Equity underwriting, Fixed income underwriting."
Morgan Stanley,MS,ROE or ROTCE,Return on average common equity (ROE) / Return on average tangible common equity (ROTCE),GAAP (ROE) / Non-GAAP (ROTCE),Directly reported,Percentage (%),Yes,Yes,Yes,Yes,Yes,10-K Item 7 MD&A Consolidated Financial Measures,https://www.sec.gov/Archives/edgar/data/895421/000089542125000304/ms-20241231.htm,Directly Comparable to GS & JPM,Directly reported steering metrics in 10-K Executive Overview.
Morgan Stanley,MS,Efficiency ratio or comparable metric,Expense efficiency ratio,Non-GAAP (Directly reported in MD&A),Directly reported,Percentage (%),Yes,Yes,Yes,Yes,Yes,10-K Item 7 MD&A Consolidated Financial Measures,https://www.sec.gov/Archives/edgar/data/895421/000089542125000304/ms-20241231.htm,Directly Comparable to GS Efficiency Ratio,Calculated as total non-interest expenses as % of net revenues (67%-77%).
Morgan Stanley,MS,CET1 or relevant regulatory capital measure,Common Equity Tier 1 capital ratio (Standardized & Advanced),Basel III Regulatory Capital Rules,Directly reported,Percentage (%),Yes,Yes,Yes,Yes,Yes,10-K Item 7 MD&A Capital Ratios Table,https://www.sec.gov/Archives/edgar/data/895421/000089542125000304/ms-20241231.htm,Directly Comparable across BHCs,"Standardized CET1: 17.4% (2020), 16.0% (2021), 15.3% (2022), 15.2% (2023), 15.9% (2024)."
Morgan Stanley,MS,Total capital / tangible common equity,Tangible common shareholders’ equity,Non-GAAP,Directly reported,USD Millions,Yes,Yes,Yes,Yes,Yes,10-K Item 7 MD&A Consolidated Financial Measures,https://www.sec.gov/Archives/edgar/data/895421/000089542125000304/ms-20241231.htm,Directly Comparable across BHCs,Common equity less goodwill and net intangible assets ($66.5B-$75.9B).
Morgan Stanley,MS,Dividends paid,Payments of dividends,GAAP,Directly reported,USD Millions,Yes,Yes,Yes,Yes,Yes,10-K Consolidated Statements of Cash Flows (Financing Activities),https://www.sec.gov/Archives/edgar/data/895421/000089542125000304/ms-20241231.htm,Directly Comparable across all firms,Cash dividends paid on common and preferred stock.
Morgan Stanley,MS,Share repurchases,Stock repurchased during period / Common stock repurchases,GAAP,Directly reported,USD Millions,Yes,Yes,Yes,Yes,Yes,10-K Statements of Cash Flows / Consolidated Changes in Equity,https://www.sec.gov/Archives/edgar/data/895421/000089542125000304/ms-20241231.htm,Directly Comparable across all firms,Actual cash paid under share repurchase authorizations.
Morgan Stanley,MS,Business / technology investment,Information systems and communications expense,GAAP,Directly reported,USD Millions,Yes,Yes,Yes,Yes,Yes,10-K Consolidated Statements of Income (Non-interest expense),https://www.sec.gov/Archives/edgar/data/895421/000089542125000304/ms-20241231.htm,Partially Comparable,"Technology operating expenses ($2.5B-$4.1B) include clearing, data feeds, software."
Morgan Stanley,MS,Relevant leverage / balance-sheet measure,Supplementary Leverage Ratio (SLR) / Tier 1 Leverage,Basel III Regulatory,Directly reported,Percentage (%),Yes,Yes,Yes,Yes,Yes,10-K Item 7 MD&A Capital Ratios Table,https://www.sec.gov/Archives/edgar/data/895421/000089542125000304/ms-20241231.htm,Directly Comparable across BHCs,Total Assets ($1.12T-$1.22T). SLR is 5.5%-7.4%.
JPMorgan Chase & Co.,JPM,Net revenue,Total net revenue,GAAP (Managed basis also disclosed),Directly reported,USD Millions,Yes,Yes,Yes,Yes,Yes,10-K Consolidated Statements of Income,https://www.sec.gov/Archives/edgar/data/19617/000001961725000270/jpm-20241231.htm,Directly Comparable across BHCs,Firm-wide universal bank revenues ($119.5B-$177.6B).
JPMorgan Chase & Co.,JPM,Investment banking revenue / fees,Investment banking fees,GAAP,Directly reported,USD Millions,Yes,Yes,Yes,Yes,Yes,10-K Consolidated Statements of Income / CIB Segment,https://www.sec.gov/Archives/edgar/data/19617/000001961725000270/jpm-20241231.htm,Directly Comparable,Firm-wide IB fees ($6.5B-$13.2B) within CIB.
JPMorgan Chase & Co.,JPM,ROE or ROTCE,Return on common equity (ROE) / Return on tangible common equity (ROTCE),GAAP (ROE) / Non-GAAP (ROTCE),Directly reported,Percentage (%),Yes,Yes,Yes,Yes,Yes,10-K Item 7 MD&A Selected Financial Data / Executive Overview,https://www.sec.gov/Archives/edgar/data/19617/000001961725000270/jpm-20241231.htm,Directly Comparable to GS & MS,"Directly reported: ROE (12%-19%), ROTCE (14%-23%). ROTCE is primary steering metric."
JPMorgan Chase & Co.,JPM,Efficiency ratio or comparable metric,Overhead ratio,Non-GAAP (Managed Basis),Directly reported,Percentage (%),Yes,Yes,Yes,Yes,Yes,10-K Item 7 MD&A Selected Financial Data,https://www.sec.gov/Archives/edgar/data/19617/000001961725000270/jpm-20241231.htm,Directly Comparable to GS/MS Efficiency Ratios,Total noninterest expense divided by total net revenue on managed basis (52%-59%).
JPMorgan Chase & Co.,JPM,CET1 or relevant regulatory capital measure,Common Equity Tier 1 (CET1) capital ratio (Standardized & Advanced),Basel III Regulatory Capital Rules,Directly reported,Percentage (%),Yes,Yes,Yes,Yes,Yes,10-K Item 7 MD&A Capital Management / Selected Ratios,https://www.sec.gov/Archives/edgar/data/19617/000001961725000270/jpm-20241231.htm,Directly Comparable across BHCs,"Standardized CET1: 13.1% (2020), 13.1% (2021), 13.2% (2022), 15.0% (2023), 15.7% (2024)."
JPMorgan Chase & Co.,JPM,Total capital / tangible common equity,Tangible common equity (TCE) / Basel III Total Capital,Non-GAAP (TCE) / Regulatory (Total Capital),Directly reported,USD Millions,Yes,Yes,Yes,Yes,Yes,10-K Item 7 MD&A Non-GAAP Financial Measures,https://www.sec.gov/Archives/edgar/data/19617/000001961725000270/jpm-20241231.htm,Directly Comparable across BHCs,Reconciled from common stockholders’ equity less goodwill and identifiable intangibles.
JPMorgan Chase & Co.,JPM,Dividends paid,Cash dividends paid on common and preferred stock,GAAP,Directly reported,USD Millions,Yes,Yes,Yes,Yes,Yes,10-K Consolidated Statements of Cash Flows (Financing Activities),https://www.sec.gov/Archives/edgar/data/19617/000001961725000270/jpm-20241231.htm,Directly Comparable across all firms,Actual cash paid for dividends ($11.0B-$12.8B).
JPMorgan Chase & Co.,JPM,Share repurchases,Common stock repurchases / Payments for repurchase of common stock,GAAP,Directly reported,USD Millions,Yes,Yes,Yes,Yes,Yes,10-K Consolidated Statements of Cash Flows (Financing Activities),https://www.sec.gov/Archives/edgar/data/19617/000001961725000270/jpm-20241231.htm,Directly Comparable across all firms,Actual cash paid for open market share repurchases ($3.2B-$18.8B).
JPMorgan Chase & Co.,JPM,Business / technology investment,"Technology, communications and equipment expense",GAAP,Directly reported,USD Millions,Yes,Yes,Yes,Yes,Yes,10-K Consolidated Statements of Income (Noninterest expense),https://www.sec.gov/Archives/edgar/data/19617/000001961725000270/jpm-20241231.htm,Partially Comparable,Firm-wide technology opex ($8.0B-$9.8B). Universal bank retail/clearing systems included.
JPMorgan Chase & Co.,JPM,Relevant leverage / balance-sheet measure,Supplementary Leverage Ratio (SLR) / Tier 1 Leverage Ratio,Basel III Regulatory,Directly reported,Percentage (%),Yes,Yes,Yes,Yes,Yes,10-K Item 7 MD&A Selected Financial Data / Capital Management,https://www.sec.gov/Archives/edgar/data/19617/000001961725000270/jpm-20241231.htm,Directly Comparable across BHCs,Total Assets ($3.38T-$3.74T). SLR: 5.4%-6.9%. Tier 1 Leverage: 6.5%-7.2%.
Jefferies Financial Group Inc.,JEF,Net revenue,Total net revenues,GAAP,Directly reported,USD Millions,Yes,Yes,Yes,Yes,Yes,10-K Consolidated Statements of Earnings,https://www.sec.gov/Archives/edgar/data/96223/000162828025002833/jef-20241130.htm,Sub-Panel Comparable (Caveat: Non-calendar FYE),Fiscal year ends Nov 30; earlier years (2020-2022) include merchant banking operations.
Jefferies Financial Group Inc.,JEF,Investment banking revenue / fees,Total Investment Banking net revenues,GAAP / Segment Disclosures,Directly reported,USD Millions,Yes,Yes,Yes,Yes,Yes,10-K Item 7 MD&A Segment Results Table,https://www.sec.gov/Archives/edgar/data/96223/000162828025002833/jef-20241130.htm,Directly Comparable,"Detailed breakdown: Advisory, Equity underwriting, Debt underwriting ($2.3B-$4.7B)."
Jefferies Financial Group Inc.,JEF,ROE or ROTCE,Return on average stockholders’ equity (Derived) / ROTE (Executive Incentive Target),Derived (ROE) / Compensation Target (ROTE),Derived / Target Only,Percentage (%),Derived,Derived,Derived,Derived,Derived,10-K Item 11 (Exec Comp) / Statements of Earnings & Condition,https://www.sec.gov/Archives/edgar/data/96223/000162828025002833/jef-20241130.htm,Structurally Non-Comparable to BHC steering metrics,Not reported as annual steering metric in MD&A. Derived ROE: 1.3%-15.6%.
Jefferies Financial Group Inc.,JEF,Efficiency ratio or comparable metric,Compensation ratio,Non-GAAP / MD&A,Directly reported in MD&A,Percentage (%),Yes,Yes,Yes,Yes,Yes,10-K Item 7 MD&A Results of Operations,https://www.sec.gov/Archives/edgar/data/96223/000162828025002833/jef-20241130.htm,Comparable to Boutique Compensation Ratios,Compensation and benefits divided by net revenues (50.1%-59.4%). Not a bank efficiency ratio.
Jefferies Financial Group Inc.,JEF,CET1 or relevant regulatory capital measure,Broker-Dealer Excess Net Capital (SEC Rule 15c3-1),SEC Broker-Dealer Regulatory Rules,Directly reported (Subsidiary level),USD Millions,Yes,Yes,Yes,Yes,Yes,10-K Note 21 (Net Capital Requirements),https://www.sec.gov/Archives/edgar/data/96223/000162828025002833/jef-20241130.htm,INCOMPARABLE to Basel III CET1,JEF is NOT a Bank Holding Company; parent company CET1 ratio does NOT exist.
Jefferies Financial Group Inc.,JEF,Total capital / tangible common equity,Tangible stockholders’ equity,Non-GAAP,Directly reported,USD Millions,Yes,Yes,Yes,Yes,Yes,10-K Item 7 MD&A Financial Condition,https://www.sec.gov/Archives/edgar/data/96223/000162828025002833/jef-20241130.htm,Comparable to Broker-Dealer Tangible Equity,Total stockholders’ equity less goodwill and intangible assets ($7.8B-$8.4B).
Jefferies Financial Group Inc.,JEF,Dividends paid,Dividends paid on common stock,GAAP,Directly reported,USD Millions,Yes,Yes,Yes,Yes,Yes,10-K Consolidated Statements of Cash Flows (Financing Activities),https://www.sec.gov/Archives/edgar/data/96223/000162828025002833/jef-20241130.htm,Directly Comparable across all firms,Actual cash common dividends paid ($160.9M-$303.0M).
Jefferies Financial Group Inc.,JEF,Share repurchases,Payments for repurchase of common stock,GAAP,Directly reported,USD Millions,Yes,Yes,Yes,Yes,Yes,10-K Consolidated Statements of Cash Flows (Financing Activities),https://www.sec.gov/Archives/edgar/data/96223/000162828025002833/jef-20241130.htm,Directly Comparable across all firms,Actual cash paid under share repurchase authorizations ($44.3M-$859.6M).
Jefferies Financial Group Inc.,JEF,Business / technology investment,Communications and technology expense,GAAP,Directly reported,USD Millions,Yes,Yes,Yes,Yes,Yes,10-K Consolidated Statements of Earnings (Expenses),https://www.sec.gov/Archives/edgar/data/96223/000162828025002833/jef-20241130.htm,Partially Comparable,IT operating expenses ($341M-$547M). Capex additions: $1M-$251M.
Jefferies Financial Group Inc.,JEF,Relevant leverage / balance-sheet measure,Leverage ratio (Total assets / Total equity),Balance Sheet Derived,Directly reported in MD&A / Derived,Multiple (x),Yes,Yes,Yes,Yes,Yes,10-K Consolidated Statements of Financial Condition / MD&A,https://www.sec.gov/Archives/edgar/data/96223/000162828025002833/jef-20241130.htm,Broker-Dealer Balance Sheet Leverage,Total Assets ($51.1B-$64.4B). Leverage multiple: 5.0x-6.3x. SLR/Tier 1 leverage N/A.
Evercore Inc.,EVR,Net revenue,Net Revenues,GAAP,Directly reported,USD Millions,Yes,Yes,Yes,Yes,Yes,10-K Consolidated Statements of Operations,https://www.sec.gov/Archives/edgar/data/1360901/000136090125000005/evr-20241231.htm,Directly Comparable across Advisory Firms,"Revenues net of interest expense ($2,264M-$3,289M). Pure advisory/underwriting focus."
Evercore Inc.,EVR,Investment banking revenue / fees,Advisory Fees + Underwriting Fees,GAAP,Directly reported,USD Millions,Yes,Yes,Yes,Yes,Yes,10-K Consolidated Statements of Operations,https://www.sec.gov/Archives/edgar/data/1360901/000136090125000005/evr-20241231.htm,Directly Comparable,Directly reported lines: Advisory ($1.8B-$2.8B) and Underwriting ($111M-$276M).
Evercore Inc.,EVR,ROE or ROTCE,Operating Margin (GAAP / Adjusted),Derived from GAAP / Non-GAAP,Alternative Metric Reported; ROE Omitted,Percentage (%),Omitted,Omitted,Omitted,Omitted,Omitted,10-K Consolidated Statements of Operations / Item 7 MD&A,https://www.sec.gov/Archives/edgar/data/1360901/000136090125000005/evr-20241231.htm,INCOMPARABLE to Bank ROE,ROE omitted in 10-K due to Up-C partnership noncontrolling interest distortion. Operating margin: 14.8%-33.5%.
Evercore Inc.,EVR,Efficiency ratio or comparable metric,Employee compensation and benefits ratio (GAAP & Adjusted),Derived from GAAP / Non-GAAP,Directly reported in MD&A / Derived,Percentage (%),Yes,Yes,Yes,Yes,Yes,10-K Consolidated Statements of Operations / Item 7 MD&A,https://www.sec.gov/Archives/edgar/data/1360901/000136090125000005/evr-20241231.htm,Directly Comparable across Advisory Boutiques,Compensation expense divided by net revenues (56.2%-68.3%). Not a bank efficiency ratio.
Evercore Inc.,EVR,CET1 or relevant regulatory capital measure,Broker-Dealer Net Capital (SEC Rule 15c3-1),SEC Broker-Dealer Regulatory Rules,Directly reported (Subsidiary level),USD Millions,Yes,Yes,Yes,Yes,Yes,10-K Note 19 (Regulatory Authorities),https://www.sec.gov/Archives/edgar/data/1360901/000136090125000005/evr-20241231.htm,INCOMPARABLE to Basel III CET1,EVR is NOT a bank; holding company CET1 does NOT exist. Book equity is $1.2B-$1.7B.
Evercore Inc.,EVR,Total capital / tangible common equity,Total Stockholders’ Equity,GAAP Balance Sheet,Directly reported,USD Millions,Yes,Yes,Yes,Yes,Yes,10-K Consolidated Statements of Financial Condition,https://www.sec.gov/Archives/edgar/data/1360901/000136090125000005/evr-20241231.htm,Comparable across Boutique Balance Sheets,Reflects Class A common stock and retained earnings; excludes LP noncontrolling interests.
Evercore Inc.,EVR,Dividends paid,Dividends paid on common stock,GAAP,Directly reported,USD Millions,Yes,Yes,Yes,Yes,Yes,10-K Consolidated Statements of Cash Flows (Financing Activities),https://www.sec.gov/Archives/edgar/data/1360901/000136090125000005/evr-20241231.htm,Directly Comparable across all firms,Actual cash common dividends paid ($106.6M-$135.8M; $2.35-$3.16 per share).
Evercore Inc.,EVR,Share repurchases,Treasury stock acquired / Repurchase of Class A Common Stock,GAAP,Directly reported,USD Millions,Yes,Yes,Yes,Yes,Yes,10-K Consolidated Statements of Cash Flows (Financing Activities),https://www.sec.gov/Archives/edgar/data/1360901/000136090125000005/evr-20241231.htm,Directly Comparable across all firms,Actual cash paid to repurchase shares and partnership units ($146.6M-$720.7M).
Evercore Inc.,EVR,Business / technology investment,Communications and information services expense,GAAP,Directly reported,USD Millions,Yes,Yes,Yes,Yes,Yes,10-K Consolidated Statements of Operations (Expenses),https://www.sec.gov/Archives/edgar/data/1360901/000136090125000005/evr-20241231.htm,Comparable across Advisory Boutiques,Operating IT line ($54.3M-$81.5M) for market data and advisory systems. Capex: $16.9M-$33.3M.
Evercore Inc.,EVR,Relevant leverage / balance-sheet measure,Total Assets / Net Cash Position,GAAP Balance Sheet,Directly reported,USD Millions,Yes,Yes,Yes,Yes,Yes,10-K Consolidated Statements of Financial Condition,https://www.sec.gov/Archives/edgar/data/1360901/000136090125000005/evr-20241231.htm,INCOMPARABLE to Bank Leverage,Asset-light balance sheet ($3.4B-$4.2B assets). Holds $2.1B cash vs $385M debt (Net Cash surplus).
"Lazard, Inc.",LAZ,Net revenue,Net revenue,GAAP (Adjusted net revenue also featured),Directly reported,USD Millions,Yes,Yes,Yes,Yes,Yes,10-K Consolidated Statements of Operations,https://www.sec.gov/Archives/edgar/data/1311370/000162828025007441/laz-20241231.htm,Directly Comparable across Advisory Firms,"Operating revenue less interest expense ($2,515M-$3,193M)."
"Lazard, Inc.",LAZ,Investment banking revenue / fees,Investment banking and other advisory fees,GAAP,Directly reported,USD Millions,Yes,Yes,Yes,Yes,Yes,10-K Consolidated Statements of Operations,https://www.sec.gov/Archives/edgar/data/1311370/000162828025007441/laz-20241231.htm,Comparable to Advisory Segment Fees,Pure advisory/restructuring fees ($1.38B-$1.79B); does not include securities underwriting.
"Lazard, Inc.",LAZ,ROE or ROTCE,Operating Margin (GAAP / Adjusted),Derived from GAAP / Non-GAAP,Alternative Metric Reported; ROE Omitted,Percentage (%),Omitted,Omitted,Omitted,Omitted,Omitted,10-K Consolidated Statements of Operations / Item 7 MD&A,https://www.sec.gov/Archives/edgar/data/1311370/000162828025007441/laz-20241231.htm,INCOMPARABLE to Bank ROE,ROE omitted in 10-K; equity base ($424M-$975M) distorted by legacy partnership distributions. 2023 net loss.
"Lazard, Inc.",LAZ,Efficiency ratio or comparable metric,Compensation and benefits ratio,Derived from GAAP / Non-GAAP,Directly reported in MD&A / Derived,Percentage (%),Yes,Yes,Yes,Yes,Yes,10-K Consolidated Statements of Operations / Item 7 MD&A,https://www.sec.gov/Archives/edgar/data/1311370/000162828025007441/laz-20241231.htm,Directly Comparable across Advisory Boutiques,Compensation expense divided by net revenue (59.4%-77.4%). Not a bank efficiency ratio.
"Lazard, Inc.",LAZ,CET1 or relevant regulatory capital measure,Total Stockholders’ Equity / Statutory Capital,GAAP Balance Sheet / Global Statutory,Directly reported,USD Millions,Yes,Yes,Yes,Yes,Yes,10-K Consolidated Statements of Financial Condition / Note 18,https://www.sec.gov/Archives/edgar/data/1311370/000162828025007441/laz-20241231.htm,INCOMPARABLE to Basel III CET1,LAZ is NOT a bank; holding company CET1 does NOT exist.
"Lazard, Inc.",LAZ,Total capital / tangible common equity,Total stockholders’ equity,GAAP Balance Sheet,Directly reported,USD Millions,Yes,Yes,Yes,Yes,Yes,10-K Consolidated Statements of Financial Condition,https://www.sec.gov/Archives/edgar/data/1311370/000162828025007441/laz-20241231.htm,Comparable across Boutique Balance Sheets,Stockholders’ equity ($423.8M-$975.2M). Tangible book value was negative in several years.
"Lazard, Inc.",LAZ,Dividends paid,Payments of dividends,GAAP,Directly reported,USD Millions,Yes,Yes,Yes,Yes,Yes,10-K Consolidated Statements of Cash Flows (Financing Activities),https://www.sec.gov/Archives/edgar/data/1311370/000162828025007441/laz-20241231.htm,Directly Comparable across all firms,Actual cash dividends paid on common stock ($173.1M-$196.6M).
"Lazard, Inc.",LAZ,Share repurchases,Payments for repurchase of common stock,GAAP,Directly reported,USD Millions,Yes,Yes,Yes,Yes,Yes,10-K Consolidated Statements of Cash Flows (Financing Activities),https://www.sec.gov/Archives/edgar/data/1311370/000162828025007441/laz-20241231.htm,Directly Comparable across all firms,Actual cash paid under share repurchase program ($59.5M-$691.7M).
"Lazard, Inc.",LAZ,Business / technology investment,Technology and information services expense,GAAP,Directly reported,USD Millions,Yes,Yes,Yes,Yes,Yes,10-K Consolidated Statements of Operations (Expenses),https://www.sec.gov/Archives/edgar/data/1311370/000162828025007441/laz-20241231.htm,Comparable across Advisory Boutiques,Direct IT expense line ($133.5M-$189.7M). Capex additions: $28.3M-$64.3M.
"Lazard, Inc.",LAZ,Relevant leverage / balance-sheet measure,Total Assets / Senior Notes (Long-Term Debt),GAAP Balance Sheet,Directly reported,USD Millions,Yes,Yes,Yes,Yes,Yes,10-K Consolidated Statements of Financial Condition / Note 12,https://www.sec.gov/Archives/edgar/data/1311370/000162828025007441/laz-20241231.htm,Corporate Debt Structure,"Total Assets ($4.6B-$7.1B). Fixed Senior Notes ($1,685M). Assets/Equity leverage rose to 10.9x in 2023."
Moelis & Company,MC,Net revenue,Revenues,GAAP,Directly reported,USD Millions,Yes,Yes,Yes,Yes,Yes,10-K Consolidated Statements of Operations,https://www.sec.gov/Archives/edgar/data/1596967/000095017025029070/mc-20241231.htm,Directly Comparable across Advisory Firms,"100% investment banking advisory revenues ($854.7M-$1,540.6M); interest expense is negligible."
Moelis & Company,MC,Investment banking revenue / fees,Revenues (from investment banking advisory engagements),GAAP,Directly reported,USD Millions,Yes,Yes,Yes,Yes,Yes,10-K Consolidated Statements of Operations,https://www.sec.gov/Archives/edgar/data/1596967/000095017025029070/mc-20241231.htm,Directly Comparable to Advisory Segment Fees,"Pure advisory revenues (M&A, restructuring, capital advisory); zero securities underwriting."
Moelis & Company,MC,ROE or ROTCE,Operating Margin (Operating income / Revenues),Derived from GAAP,Alternative Metric Reported; ROE Omitted,Percentage (%),Omitted,Omitted,Omitted,Omitted,Omitted,10-K Consolidated Statements of Operations / Item 7 MD&A,https://www.sec.gov/Archives/edgar/data/1596967/000095017025029070/mc-20241231.htm,INCOMPARABLE to Bank ROE,ROE omitted in 10-K due to Up-C partnership equity structure. Operating margin: -4.7% to 32.2%.
Moelis & Company,MC,Efficiency ratio or comparable metric,Compensation and benefits ratio,Derived from GAAP / MD&A,Directly reported in MD&A / Derived,Percentage (%),Yes,Yes,Yes,Yes,Yes,10-K Item 7 MD&A Results of Operations,https://www.sec.gov/Archives/edgar/data/1596967/000095017025029070/mc-20241231.htm,Directly Comparable across Advisory Boutiques,Compensation expense divided by revenues (59.3%-83.6%). Not a bank efficiency ratio.
Moelis & Company,MC,CET1 or relevant regulatory capital measure,Broker-Dealer Net Capital (SEC Rule 15c3-1),SEC Broker-Dealer Regulatory Rules,Directly reported (Subsidiary level),USD Millions,Yes,Yes,Yes,Yes,Yes,10-K Note 11 (Regulatory Authorities),https://www.sec.gov/Archives/edgar/data/1596967/000095017025029070/mc-20241231.htm,INCOMPARABLE to Basel III CET1,MC is NOT a bank; holding company CET1 does NOT exist. Up-C equity structure.
Moelis & Company,MC,Total capital / tangible common equity,Total Stockholders’ Equity (including noncontrolling interests),GAAP Balance Sheet,Directly reported,USD Millions,Yes,Yes,Yes,Yes,Yes,10-K Consolidated Statements of Financial Condition,https://www.sec.gov/Archives/edgar/data/1596967/000095017025029070/mc-20241231.htm,Comparable across Boutique Balance Sheets,Tangible equity equals book equity as MC has negligible goodwill or intangibles ($266M-$440M).
Moelis & Company,MC,Dividends paid,Payments for dividends and tax distributions,GAAP,Directly reported,USD Millions,Yes,Yes,Yes,Yes,Yes,10-K Consolidated Statements of Cash Flows (Financing Activities),https://www.sec.gov/Archives/edgar/data/1596967/000095017025029070/mc-20241231.htm,Directly Comparable across all firms,Includes regular and special dividends and partnership tax distributions ($174.7M-$480.0M).
Moelis & Company,MC,Share repurchases,Payments for treasury stock purchases,GAAP,Directly reported,USD Millions,Yes,Yes,Yes,Yes,Yes,10-K Consolidated Statements of Cash Flows (Financing Activities),https://www.sec.gov/Archives/edgar/data/1596967/000095017025029070/mc-20241231.htm,Directly Comparable across all firms,Actual cash paid for treasury share purchases ($10.8M-$147.5M).
Moelis & Company,MC,Business / technology investment,Non-compensation expenses (includes communication and tech) / Capex,GAAP,Bundled in Non-Comp Expenses,USD Millions,Bundled,Bundled,Bundled,Bundled,Bundled,10-K Item 7 MD&A / Statements of Cash Flows,https://www.sec.gov/Archives/edgar/data/1596967/000095017025029070/mc-20241231.htm,INCOMPARABLE as Standalone IT line,MC does NOT break out standalone tech expense line; bundled in non-comp ($116.8M-$191.4M). Capex: $1.8M-$16.9M.
Moelis & Company,MC,Relevant leverage / balance-sheet measure,Total Assets / Net Cash Position,GAAP Balance Sheet,Directly reported,USD Millions,Yes,Yes,Yes,Yes,Yes,10-K Consolidated Statements of Financial Condition,https://www.sec.gov/Archives/edgar/data/1596967/000095017025029070/mc-20241231.htm,INCOMPARABLE to Bank Leverage,"Asset-light advisory balance sheet ($741M-$1,048M assets). Zero funded debt; holds $413M in cash."
Stifel Financial Corp.,SF,Net revenue,Total net revenues,GAAP,Directly reported,USD Millions,Yes,Yes,Yes,Yes,Yes,10-K Consolidated Statements of Operations,https://www.sec.gov/Archives/edgar/data/720672/000095017025027702/sf-20241231.htm,Directly Comparable across BHCs,"Revenues net of interest expense ($3,832M-$4,970M). Combines Wealth Mgmt, IB, and Stifel Bank."
Stifel Financial Corp.,SF,Investment banking revenue / fees,Investment banking revenues,GAAP,Directly reported,USD Millions,Yes,Yes,Yes,Yes,Yes,10-K Consolidated Statements of Operations / Institutional Group,https://www.sec.gov/Archives/edgar/data/720672/000095017025027702/sf-20241231.htm,Directly Comparable,"Includes advisory fees and capital raising/underwriting ($731.3M-$1,565.4M)."
Stifel Financial Corp.,SF,ROE or ROTCE,Return on average common equity (Derived from GAAP net income and equity),Derived from GAAP,Derived (Omitted as steering metric in 10-K),Percentage (%),Derived,Derived,Derived,Derived,Derived,Derived from 10-K Statements of Operations & Statements of Financial Condition,https://www.sec.gov/Archives/edgar/data/720672/000095017025027702/sf-20241231.htm,Derived Only,Stifel does NOT publish an annual ROE/ROTCE table in its 10-K. Derived ROE: 9.9%-18.8%.
Stifel Financial Corp.,SF,Efficiency ratio or comparable metric,Compensation ratio,Non-GAAP / MD&A,Directly reported in MD&A,Percentage (%),Yes,Yes,Yes,Yes,Yes,10-K Item 7 MD&A Results of Operations,https://www.sec.gov/Archives/edgar/data/720672/000095017025027702/sf-20241231.htm,Comparable to Broker-Dealer / Wealth Management Compensation Ratios,Compensation and benefits divided by net revenues (57.3%-58.7%). Not a bank overhead ratio.
Stifel Financial Corp.,SF,CET1 or relevant regulatory capital measure,Common equity tier 1 capital ratio (Basel III Standardized),Basel III Regulatory Capital Rules,Directly reported,Percentage (%),Yes,Yes,Yes,Yes,Yes,10-K Note 23 / Regulatory Capital Footnote,https://www.sec.gov/Archives/edgar/data/720672/000095017025027702/sf-20241231.htm,Directly Comparable to BHC Standardized CET1,"Category IV BHC: 16.5% (2020), 15.2% (2021), 14.6% (2022), 14.2% (2023), 15.4% (2024)."
Stifel Financial Corp.,SF,Total capital / tangible common equity,Total risk-based capital / Common equity,Regulatory (Total Capital) / GAAP (Equity),Directly reported,USD Millions,Yes,Yes,Yes,Yes,Yes,10-K Regulatory Capital Note / Statements of Financial Condition,https://www.sec.gov/Archives/edgar/data/720672/000095017025027702/sf-20241231.htm,Directly Comparable across BHCs,Reports Total risk-based capital ($3.0B-$4.6B) and Common Stockholders’ Equity ($3.6B-$5.2B).
Stifel Financial Corp.,SF,Dividends paid,Dividends paid on common stock,GAAP,Directly reported,USD Millions,Yes,Yes,Yes,Yes,Yes,10-K Consolidated Statements of Cash Flows (Financing Activities),https://www.sec.gov/Archives/edgar/data/720672/000095017025027702/sf-20241231.htm,Directly Comparable across all firms,Actual cash common dividends paid ($66.1M-$165.7M).
Stifel Financial Corp.,SF,Share repurchases,Payments for repurchase of common stock,GAAP,Directly reported,USD Millions,Yes,Yes,Yes,Yes,Yes,10-K Consolidated Statements of Cash Flows (Financing Activities),https://www.sec.gov/Archives/edgar/data/720672/000095017025027702/sf-20241231.htm,Directly Comparable across all firms,Actual cash paid under share repurchase authorizations ($58.3M-$443.9M).
Stifel Financial Corp.,SF,Business / technology investment,Communications and technology expense,GAAP,Directly reported,USD Millions,Yes,Yes,Yes,Yes,Yes,10-K Consolidated Statements of Operations (Non-interest expense),https://www.sec.gov/Archives/edgar/data/720672/000095017025027702/sf-20241231.htm,Partially Comparable,IT operating expenses ($148.9M-$198.8M). Software capitalization in footnote: $30M-$60M.
Stifel Financial Corp.,SF,Relevant leverage / balance-sheet measure,Tier 1 Leverage Ratio / Total Assets,Basel III Regulatory / GAAP Balance Sheet,Directly reported,Percentage (%) / USD Millions,Yes,Yes,Yes,Yes,Yes,10-K Regulatory Capital Note / Statements of Financial Condition,https://www.sec.gov/Archives/edgar/data/720672/000095017025027702/sf-20241231.htm,Directly Comparable across BHCs (Tier 1 Leverage),Total Assets ($27.9B-$40.5B). Tier 1 leverage ratio: 10.8%-11.4%. Exempt from Advanced SLR.
