variable_id,variable_name,display_name,panel,economic_category,definition,numerator,denominator,unit,time_basis,accounting_basis,reported_or_derived,formula,primary_source_type,comparability_class,comparability_notes,known_limitations
VAR_01_NET_REV,net_revenue,Total Net Revenues,COMMON_CORE,Financial Resources / Top-Line Scale,"Total net revenues of the firm after deducting interest expense, representing aggregate top-line gross resources available for allocation across operating expenses, capital retention, and shareholder returns.",Total Net Revenues,None,USD Millions,Flow (Annual),U.S. GAAP,DIRECTLY_REPORTED,None,SEC Form 10-K Consolidated Statements of Earnings / Operations / Income,DIRECT,Directly comparable across all 8 firms. Universally reported on the face of the Consolidated Income Statement.,"For BHCs, includes market-making net interest margin and principal transactions; for boutiques, almost entirely fee-based advisory revenue."
VAR_02_IB_REV,investment_banking_revenue,Investment Banking Revenues / Fees,COMMON_CORE,Financial Resources / Core Advisory & Underwriting Revenue,"Revenues derived from investment banking activities, comprising financial advisory (mergers & acquisitions, restructuring) and capital markets underwriting (equity and debt underwriting).",Investment Banking Revenues,None,USD Millions,Flow (Annual),U.S. GAAP,DIRECTLY_REPORTED,None,SEC Form 10-K Segment Reporting Footnote / Consolidated Statements of Earnings,DIRECT,Directly comparable across all 8 firms. Reflects gross fee generation from underwriting and advisory engagements.,"Boutiques (EVR, LAZ, MC) generate nearly 100% of revenue from advisory/underwriting; BHCs (GS, MS, JPM) and SF have diversified streams (sales & trading, wealth management, commercial banking)."
VAR_03_DIV_PAID,dividends_paid,Cash Dividends Paid,COMMON_CORE,Shareholder Distributions / Cash Dividends,"Actual gross cash payments made during the fiscal year for dividends on common stock, preferred stock, and non-controlling partnership distributions.",Cash Dividends Paid,None,USD Millions,Flow (Annual),U.S. GAAP,DIRECTLY_REPORTED,None,SEC Form 10-K Consolidated Statements of Cash Flows (Financing Activities),DIRECT,"Directly comparable across all 8 firms. Measured on actual cash outflow basis from audited financing cash flows, avoiding board authorization timing mismatches.","For Up-C boutiques (EVR, MC), includes distributions to non-controlling interest holders (operating partnership units) alongside corporate dividends."
VAR_04_SHARE_REPURCH,share_repurchases,Cash Paid for Share Repurchases,COMMON_CORE,Shareholder Distributions / Equity Buybacks,"Actual cash paid to repurchase common shares and treasury stock, including open-market purchases, accelerated share repurchase contracts, and shares acquired to satisfy employee tax withholding obligations.",Payments for Repurchase of Common Stock / Treasury Stock Acquired,None,USD Millions,Flow (Annual),U.S. GAAP,DIRECTLY_REPORTED,None,SEC Form 10-K Consolidated Statements of Cash Flows (Financing Activities),DIRECT,Directly comparable across all 8 firms. Represents actual realized cash outflows for equity retirement.,Distinguishes discretionary market buybacks from anti-dilutive net share settlements for stock-based compensation vesting; cash flow statement captures total realized cash outlay.
VAR_05_TOT_CASH_RET,total_cash_returned,Total Cash Returned to Shareholders,COMMON_CORE,Shareholder Distributions / Aggregate Capital Return,"Aggregate gross cash returned to equity holders during the fiscal year, calculated as the sum of actual cash dividends paid and actual cash spent on share repurchases.",dividends_paid + share_repurchases,None,USD Millions,Flow (Annual),Derived from U.S. GAAP Cash Flows,DERIVED,dividends_paid + share_repurchases,SEC Form 10-K Consolidated Statements of Cash Flows (Financing Activities),DIRECT,Directly comparable across all 8 firms. Formally linked to underlying audited primary cash flow components.,Does not account for offsetting cash inflows from stock options exercised or new share issuances; measures gross capital returned.
VAR_06_ROE,roe,Return on Common Shareholders' Equity (ROE),PANEL_A,Subsequent Financial Performance / Profitability,"Annualized return on average common shareholders' equity, reflecting accounting earnings generated per unit of total common equity.",Net Income Applicable to Common Shareholders,Average Common Shareholders' Equity,Percentage (%),Flow / Average Stock (Annual),U.S. GAAP / Non-GAAP Operating Metric,DIRECTLY_REPORTED,net_income_common / average_common_equity * 100,SEC Form 10-K Item 7 MD&A Financial Highlights / Executive Overview,SUB_PANEL,"Directly comparable across Bank Holding Companies (GS, MS, JPM, SF) and JEF. STRUCTURALLY_NON_COMPARABLE for advisory boutiques (EVR, LAZ, MC) due to Up-C partnership structures and legacy capital deficits.","Distorted by differences in leverage, intangible assets, and deferred tax assets across institutions."
VAR_07_ROTCE,rotce_or_rote,Return on Average Tangible Common Equity (ROTCE / ROTE),PANEL_A,Subsequent Financial Performance / Core Capital Productivity,"Return on average tangible common equity, measuring core earnings generated per dollar of tangible common equity excluding goodwill and identifiable intangible assets.",Net Income Applicable to Common Shareholders,Average Tangible Common Shareholders' Equity,Percentage (%),Flow / Average Stock (Annual),Non-GAAP Financial Measure,DIRECTLY_REPORTED,net_income_common / average_tangible_common_equity * 100,SEC Form 10-K Item 7 MD&A Non-GAAP Financial Measures Reconciliation,SUB_PANEL,"Directly comparable within BHC Panel A (GS, MS, JPM report ROTCE; SF reports ROTE; JEF reports ROTE). NOT_APPLICABLE for boutiques (EVR, LAZ, MC).",Non-GAAP metric; management definitions vary slightly regarding amortization of intangibles added back to the numerator.
VAR_08_EFF_RATIO,efficiency_ratio_or_overhead_ratio,Efficiency Ratio / Overhead Ratio,PANEL_A,Operating Efficiency / Cost Discipline,"Ratio of total non-interest operating expenses to total net revenues, measuring the proportion of revenues consumed by operational overhead.",Total Non-Interest Operating Expenses,Total Net Revenues,Percentage (%),Flow / Flow (Annual),U.S. GAAP / Non-GAAP Operating Metric,DIRECTLY_REPORTED,non_interest_expense / net_revenue * 100,SEC Form 10-K Item 7 MD&A Financial Highlights / Executive Overview,SUB_PANEL,"Comparable within BHC Panel A (GS, MS, SF report Efficiency Ratio; JPM reports Overhead Ratio; JEF reports Non-Interest Expense Ratio). NOT_APPLICABLE for boutiques (which manage to compensation ratio).","JPM terms this 'Overhead Ratio'; GS, MS, and SF term this 'Efficiency Ratio'. Lower values indicate superior cost discipline."
VAR_09_CET1_STD,cet1_standardized,Common Equity Tier 1 (CET1) Ratio (Standardized Approach),PANEL_A,Regulatory Capital Retention / Basel III Solvency,"Common Equity Tier 1 risk-based capital ratio calculated under the Basel III Standardized Approach, measuring core regulatory loss-absorbing capital as a percentage of standardized risk-weighted assets.",Common Equity Tier 1 (CET1) Capital,Standardized Risk-Weighted Assets (RWA),Percentage (%),Stock (As of Fiscal Year-End),Regulatory Capital (Federal Reserve Basel III Rules),DIRECTLY_REPORTED,cet1_capital / standardized_rwa * 100,SEC Form 10-K Item 7 MD&A Capital Resources / Regulatory Capital Disclosures,SUB_PANEL,"Directly comparable across BHC Panel A (GS, MS, JPM, SF). NOT_APPLICABLE for JEF (broker-dealer holding company under SEC Rule 15c3-1) and NOT_APPLICABLE for advisory boutiques (EVR, LAZ, MC).","G-SIBs (GS, MS, JPM) are subject to SCB (Stress Capital Buffer) and G-SIB surcharges; SF is Category IV (no G-SIB surcharge). Under Collins Amendment, Standardized Approach serves as the binding capital floor."
VAR_10_T1_LEV,tier1_leverage_ratio,Tier 1 Leverage Ratio,PANEL_A,Regulatory Capital Retention / Non-Risk-Weighted Solvency,"Tier 1 Leverage Ratio under Federal Reserve regulations, measuring Tier 1 regulatory capital as a percentage of quarterly average total consolidated on-balance-sheet assets less regulatory deductions.",Tier 1 Regulatory Capital,Average Total Consolidated Assets less Deductions,Percentage (%),Stock (As of Fiscal Year-End),Regulatory Capital (Federal Reserve Basel III Rules),DIRECTLY_REPORTED,tier1_capital / adjusted_average_assets * 100,SEC Form 10-K Item 7 MD&A Capital Resources / Regulatory Capital Disclosures,SUB_PANEL,"Directly comparable across BHC Panel A (GS, MS, JPM, SF). NOT_APPLICABLE for JEF, EVR, LAZ, MC.",Measures unweighted on-balance-sheet leverage constraint; excludes off-balance-sheet derivatives and commitments (captured under SLR).
VAR_11_SLR,supplementary_leverage_ratio,Supplementary Leverage Ratio (SLR),PANEL_A,Regulatory Capital Retention / Comprehensive Leverage Buffer,"Supplementary Leverage Ratio under Basel III rules, measuring Tier 1 regulatory capital against total leverage exposure including both on-balance-sheet assets and off-balance-sheet exposures.",Tier 1 Regulatory Capital,Total Leverage Exposure (On- and Off-Balance Sheet),Percentage (%),Stock (As of Fiscal Year-End),Regulatory Capital (Federal Reserve Basel III Advanced Approaches / Category I),DIRECTLY_REPORTED,tier1_capital / total_leverage_exposure * 100,SEC Form 10-K Item 7 MD&A Capital Resources / Regulatory Capital Disclosures,SUB_PANEL,"Directly comparable for Category I G-SIBs in Panel A (GS, MS, JPM). NOT_APPLICABLE for SF (Category IV regional bank exempt from SLR rules). NOT_APPLICABLE for JEF, EVR, LAZ, MC.","Temporary exclusion of central bank reserves and U.S. Treasuries expired in Q1 2021, creating an exogenous regulatory baseline shift between 2020 and 2021."
VAR_12_TCE,tangible_common_equity,Tangible Common Equity (TCE),PANEL_A,Capital Retention / Tangible Capital Stock,"Total common shareholders' equity less goodwill and identifiable intangible assets, measuring physical and liquid accounting equity available to absorb losses.",Total Common Shareholders' Equity less Goodwill and Intangibles,None,USD Millions,Stock (As of Fiscal Year-End),Non-GAAP Financial Measure,DIRECTLY_REPORTED,common_equity - goodwill - identifiable_intangibles,SEC Form 10-K Item 7 MD&A Non-GAAP Financial Measures / Balance Sheet Footnotes,SUB_PANEL,"Directly comparable across BHC Panel A (GS, MS, JPM, SF) and JEF. STRUCTURALLY_NON_COMPARABLE for advisory boutiques.",Non-GAAP metric widely reported by banks; treatment of deferred tax liabilities associated with intangibles varies across reporting entities.
VAR_13_TECH_INV_BHC,technology_or_business_investment,Technology & Communications Operating Expense (BHC),PANEL_A,Business Investment / Operating Technology Outlays,"Operating expenses for communications, information services, market data, and technology infrastructure recognized within non-interest operating expenses.",Communications and Information Technology Expense,None,USD Millions,Flow (Annual),U.S. GAAP Non-Interest Operating Expense,DIRECTLY_REPORTED,None,SEC Form 10-K Consolidated Statements of Earnings / Non-Interest Expense Footnote,PARTIAL,"PARTIALLY COMPARABLE. Disclosed as a discrete line item by GS, MS, JPM, SF, and JEF. Excludes capitalized software and hardware investments (capex); captures ongoing technology run-rate opex. Quarantined from unified cross-firm pooling.","High-risk variable; definitions differ across firms (e.g., market data vs cloud compute vs telecommunications). Does not represent total capital investment."
VAR_14_TOT_ASSETS,relevant_balance_sheet_measure,Total Assets / Balance Sheet Scale,PANEL_A,Financial Resources / Balance Sheet Footprint,"Total consolidated assets of the banking entity at fiscal year-end, representing the aggregate scale of the firm's balance sheet under U.S. GAAP.",Total Consolidated Assets,None,USD Millions,Stock (As of Fiscal Year-End),U.S. GAAP Consolidated Balance Sheet,DIRECTLY_REPORTED,None,SEC Form 10-K Consolidated Statements of Financial Condition,SUB_PANEL,"Directly comparable across BHC Panel A (GS, MS, JPM, SF) and JEF. Reflects balance sheet intermediation and market-making inventory. NOT_APPLICABLE for comparing against asset-light advisory boutiques.","Includes repo/reverse repo netting, collateralized financing, and trading inventory that fluctuate with market conditions."
VAR_15_COMP_EXP,compensation_expense,Compensation and Employee Benefits Expense,PANEL_B,Human Capital Investment / Primary Resource Allocation,"Total salary, incentive compensation, equity-based compensation, and employee benefits expense recognized during the fiscal year.",Compensation and Benefits Expense,None,USD Millions,Flow (Annual),U.S. GAAP Operating Expense,DIRECTLY_REPORTED,None,SEC Form 10-K Consolidated Statements of Operations / Earnings,SUB_PANEL,"Directly comparable across boutiques (EVR, LAZ, MC) as the core resource allocation mechanism (typically 55%-70% of revenues). Also reported by BHCs and JEF.",Includes vesting amortization of prior-year deferred stock awards; sensitive to grant-date fair value accounting and performance accruals.
VAR_16_COMP_RATIO,compensation_ratio,Compensation Ratio,PANEL_B,Human Capital Investment / Allocation Intensity,"Total compensation and employee benefits expense as a percentage of total net revenues, measuring the proportion of top-line revenue allocated to human capital.",Compensation and Employee Benefits Expense,Total Net Revenues,Percentage (%),Flow / Flow (Annual),U.S. GAAP / Operating Metric,DERIVED,compensation_expense / net_revenue * 100,SEC Form 10-K Item 7 MD&A Results of Operations,SUB_PANEL,"Core operating and capital allocation metric for Panel B advisory boutiques (EVR, LAZ, MC). Directly comparable across boutiques. Derived from primary GAAP income statement lines.",Adjusted compensation ratios reported by boutiques exclude one-time acquisition bonuses or restructuring charges; this data dictionary tracks the primary reported/derived GAAP basis.
VAR_17_OP_INC,operating_income,Operating Income / Operating Profit,PANEL_B,Operating Profitability / Core Operating Surplus,"Net revenues less total operating expenses (compensation and non-compensation expenses), representing operating surplus before non-operating items and taxes.",Net Revenues less Total Operating Expenses,None,USD Millions,Flow (Annual),U.S. GAAP Operating Income,DIRECTLY_REPORTED,None,SEC Form 10-K Consolidated Statements of Operations,SUB_PANEL,"Directly reported by advisory boutiques (EVR, LAZ, MC). STRUCTURALLY_NON_COMPARABLE for BHCs, which do not report an 'operating income' line due to bank accounting conventions (reporting pre-tax income).",Boutique operating income includes partner distribution expense variations under different legal structures.
VAR_18_OP_MARGIN,operating_margin,Operating Margin,PANEL_B,Operating Profitability / Margin Efficiency,"Operating income divided by total net revenues, measuring operational profitability after absorbing compensation and non-compensation overhead.",Operating Income,Total Net Revenues,Percentage (%),Flow / Flow (Annual),Derived from U.S. GAAP,DERIVED,operating_income / net_revenue * 100,SEC Form 10-K Consolidated Statements of Operations / MD&A,SUB_PANEL,Directly comparable within Panel B advisory boutiques. STRUCTURALLY_NON_COMPARABLE for BHCs.,Sensitive to revenue volatility in M&A cycle and fixed non-compensation overhead absorption.
VAR_19_CASH,cash,"Cash, Cash Equivalents & Short-Term Investments",PANEL_B,Capital Retention / Boutique Liquidity Buffer,"Total cash, cash equivalents, and short-term liquid marketable investments held by the firm, representing unencumbered liquidity buffers.",Cash and Cash Equivalents (+ Short-Term Investments),None,USD Millions,Stock (As of Fiscal Year-End),U.S. GAAP Balance Sheet Asset,DIRECTLY_REPORTED,None,SEC Form 10-K Consolidated Statements of Financial Condition,SUB_PANEL,"Directly comparable within Panel B advisory boutiques (EVR, LAZ, MC) as direct unencumbered liquidity. STRUCTURALLY_NON_COMPARABLE for BHCs where cash reflects fractional reserves and central bank balances.",May include restricted cash or regulatory escrow deposits if not broken out on face of balance sheet.
VAR_20_DEBT,debt,Long-Term Debt / Borrowings,PANEL_B,Capital Structure / Debt Obligations,"Aggregate carrying value of funded long-term debt obligations, senior notes, and credit facility borrowings.",Long-Term Debt / Notes Payable,None,USD Millions,Stock (As of Fiscal Year-End),U.S. GAAP Balance Sheet Liability,DIRECTLY_REPORTED,None,SEC Form 10-K Consolidated Statements of Financial Condition,SUB_PANEL,Directly comparable within Panel B advisory boutiques (EVR has 0 debt; LAZ carries senior notes; MC carries revolving borrowings/notes). STRUCTURALLY_NON_COMPARABLE for BHCs.,Excludes operating lease liabilities under ASC 842; focuses on funded debt obligations.
VAR_21_NET_CASH_DEBT,net_cash_or_net_debt,Net Cash / (Net Debt),PANEL_B,Capital Retention / Boutique Net Balance Sheet Cushion,"Total cash, cash equivalents, and short-term investments minus total funded long-term debt, representing net liquid balance sheet reserves.",cash - debt,None,USD Millions,Stock (As of Fiscal Year-End),Derived from U.S. GAAP Balance Sheet,DERIVED,cash - debt,SEC Form 10-K Consolidated Statements of Financial Condition,SUB_PANEL,Directly comparable within Panel B advisory boutiques. Positive indicates net cash cushion; negative indicates net debt. NOT_APPLICABLE for BHCs.,Derived metric; does not include working capital receivables or accrued compensation obligations.
VAR_22_TECH_INV_ADV,technology_or_business_investment_if_available,Technology & Information Services Expense (Advisory),PANEL_B,Business Investment / Advisory Technology Outlays,"Operating expenses for communications, market data feeds, software licenses, and IT infrastructure disclosed within non-compensation expenses by advisory firms.",Communications and Information Technology Expense,None,USD Millions,Flow (Annual),U.S. GAAP Non-Compensation Operating Expense,DIRECTLY_REPORTED,None,SEC Form 10-K Consolidated Statements of Operations / Non-Compensation Footnote,PARTIAL,"PARTIALLY COMPARABLE. Disclosed by EVR and LAZ. UNAVAILABLE for MC, which bundles IT into general and administrative non-compensation expenses without breakout. Quarantined from cross-firm pooling.","High-risk variable; incomplete coverage across Panel B (MC missing). Captures operating expense, not capital expenditure."
