finding_id,empirical_finding,evidence_source,direct_observation,possible_interpretation,alternative_explanation,confidence,what_data_cannot_establish
FINDING_01,Aggregate Shareholder Cash Returned,PHASE4_TABLES.md (Table 4); PHASE4_DESCRIPTIVE_STATISTICS.csv,"The eight firms returned an aggregate of $233,169.5M to shareholders across 2020-2024 ($113,828.1M in cash dividends and $119,341.4M in share repurchases).","Observable financial outputs show substantial capital returned to equity holders across the five-year cycle, with firms utilizing both recurring dividend payouts and variable share buybacks.",Capital return volumes may reflect broader earnings expansion and balance-sheet capacity rather than a specific preference for equity distributions.,HIGH,The data cannot establish whether management considered this capital return level optimal or whether it created long-term value for shareholders.
FINDING_02,Observed Dividend Stability and Repurchase Variation,PHASE4_TABLES.md (Table 4); PHASE4_FIRM_CHANGES.csv,"Annual cash dividends increased steadily across 2020-2024 (+92.5% at GS, +124.1% at MS, +16.5% at JPM, +208.0% at SF), whereas annual share repurchases fluctuated widely between peak and trough years.","The observed pattern is consistent with dividends functioning as a recurring payout component, while repurchases varied more across years alongside fluctuations in net revenues.",Repurchase fluctuations may have been influenced by regulatory stress testing approvals (CCAR) or changes in share price valuation rather than intentional adjustment policies.,HIGH,"The data cannot establish management intent regarding whether repurchases were used specifically to manage share counts, signal undervaluation, or offset employee share dilution."
FINDING_03,Net Revenue Expansion Across the Five-Year Period,PHASE4_TABLES.md (Table 2); PHASE4_FIRM_CHANGES.csv,"All eight firms reported higher net revenues in 2024 than in 2020, ranging from +18.6% at Lazard to +55.9% at Stifel and +42.3% at JPMorgan Chase.",Firms reported higher net revenue in 2024 compared to 2020 despite intermediate contractions in 2022-2023.,"Top-line growth in large commercial banks was significantly supported by higher net interest income during the Federal Reserve rate hiking cycle and corporate acquisitions (e.g., First Republic by JPM in 2023).",HIGH,"The data cannot separate organic revenue growth from the effects of general inflation, interest-rate environment changes, and corporate acquisitions."
FINDING_04,Investment Banking Revenue Cyclicality and Model Divergence,PHASE4_TABLES.md (Table 3); PHASE4_CHARTS/chart1_investment_banking_revenue.png,"Investment banking revenues peaked in 2021 across all eight firms, contracted in 2022-2023, and rebounded in 2024. In 2024, IB revenue was lower than 2020 for Goldman Sachs (-17.9%) and Morgan Stanley (-25.5%), but higher for Evercore (+30.3%), Lazard (+24.3%), and Moelis (+26.6%).","Differences in advisory and underwriting revenue streams may reflect differing business mixes across the cycle, with boutique advisory revenue rebounding in 2024 while bank underwriting remained below 2020 peaks.","Underwriting volumes in 2020 included emergency corporate liquidity raising, while advisory fee timing and client sector mix differed. The divergence between panels may reflect differences in product mix (debt vs equity vs advisory) rather than firm-specific allocation choices.",MEDIUM,The data cannot determine client-level market share shifts or pricing dynamics within individual product categories.
FINDING_05,Bank Holding Company Regulatory Capital Ratios,PHASE4_TABLES.md (Table 5); PHASE4_CHARTS/chart4_panel_a_cet1_ratios.png,"Reported Standardized CET1 ratios for the BHC firms ranged from 13.1% to 17.4% during 2020-2024. Temporary SLR relief elevated 2020 ratios; following expiration on March 31, 2021, reported SLRs adjusted to 5.2%-6.2%. Stifel remained legally exempt from SLR.","Regulatory capital requirements provide an important institutional context for interpreting bank holding company capital ratios, which remained comparatively stable across the cycle.","Capital ratio movements may reflect changes in risk-weighted asset models, balance-sheet composition, or temporary Federal Reserve pandemic relief rather than active capital retention choices.",HIGH,The data cannot determine internal capital planning targets or how bank management prioritized regulatory buffers relative to commercial lending opportunities.
FINDING_06,Advisory Boutique Compensation Expense Ratios,PHASE4_TABLES.md (Table 6); PHASE4_CHARTS/chart6_panel_b_compensation_ratio.png,"Compensation ratios for advisory boutiques ranged from 60.1% to 64.0% during the 2021 peak, but increased to 66.0% (EVR), 70.0% (MC), and 71.6% (LAZ) during the 2023 revenue contraction.","The data show that compensation ratios increased while revenue declined during the 2023 downturn, coinciding with lower operating margins.","Compensation ratios may reflect fixed base salaries, deferred stock grant vesting schedules, or severance expenses associated with headcount adjustments rather than a uniform retention strategy.",HIGH,The data cannot establish whether higher compensation ratios prevented banker departures or whether management explicitly intended to maintain fixed pay levels.
FINDING_07,Boutique Operating Margin Compression During Downturns,PHASE4_TABLES.md (Table 6); PHASE4_CHARTS/chart7_panel_b_operating_margin.png,"Boutique operating margins contracted from 20%-28% in 2021 to 5.1% (LAZ), 7.4% (MC), and 15.0% (EVR) in 2023, before recovering to 13%-17% in 2024.","Advisory boutique operating margins varied alongside advisory revenues, reflecting differences between cyclical revenues and operating expenses.","Non-compensation operating costs (such as travel, office leases, and technology) may have contributed to margin compression alongside compensation ratios.",HIGH,The data cannot establish whether firms could have reduced non-personnel costs more aggressively or whether margin compression impacted competitive standing.
FINDING_08,Lagged Share Repurchases vs. Next-Year ROE in Panel A,PHASE4_CORRELATIONS.csv (Row 2); PHASE4_CHARTS/chart8_panel_a_lagged_repurchases_roe.png,"The relationship between prior-year share repurchases (t) and next-year ROE (t+1) was close to zero in the small exploratory sample (Pearson r = -0.049, p = 0.858; Spearman rho = -0.035, p = 0.897, N = 16).","In this sample, the near-zero association provides little evidence of a systematic positive relationship between prior-year repurchases and next-year ROE.","Operating returns in bank holding companies were observed alongside broader economic conditions (market trading volumes, credit provision cycles, interest rate spreads). The data cannot cleanly separate common market movements from firm-level capital-allocation effects.",MEDIUM,"The data cannot establish that share repurchases had no multi-year impact, nor does it prove that buybacks failed to enhance per-share book value over longer horizons."
FINDING_09,Lagged Investment Banking Revenue vs. Next-Year Operating Income in Panel B,PHASE4_CORRELATIONS.csv (Row 29); PHASE4_TABLES.md (Table 8),"Lagged investment banking revenue (t) showed a moderate positive association with next-year operating income (t+1) among advisory boutiques (Pearson r = +0.470, p = 0.123; Spearman rho = +0.503, p = 0.095, N = 12).",Advisory deal momentum in one year was observed alongside higher dollar operating profits in the following year across the four annual transitions.,"One possible explanation is that advisory transactions can span more than one fiscal period, but this study does not contain deal-level timing data to test that explanation.",LOW,"Given the small sample size (N=12) and lack of statistical significance at p < 0.05, this association cannot be treated as definitive or predictive."
FINDING_10,Structural Differences in Balance-Sheet Liquidity,PHASE4_TABLES.md (Table 5 & 6); PHASE2_DATA_DICTIONARY.csv,"Evercore and Moelis reported zero long-term funded debt and positive net cash cushions across all five years (net cash in 2024 was $688.0M at Evercore and $274.2M at Moelis). Lazard reported senior notes averaging $1,684.9M and cash averaging $1,326.3M. Panel A banks reported cash balances including interest-bearing deposits and central bank reserves alongside wholesale funding debt.","These observations suggest that similar capital-allocation measures can have different operational meanings across the two business models. Independent advisory boutiques relied primarily on cash reserves rather than funded debt to maintain liquidity, while bank holding companies operated with balance-sheet leverage subject to regulatory capital rules.","Lazard's debt structure reflects its corporate history and asset management business, whereas partnership-heritage boutiques avoided funded debt. Differences in balance-sheet structure reflect business model functions rather than superior capital efficiency.",HIGH,The data cannot determine whether holding net cash reserves provides higher operational resilience than maintaining credit facilities or corporate debt.
