check_id,check_category,check_description,result,status,details
CHECK_01,PROVENANCE_TRACING,All analysis values trace directly to Phase 3 data files,PASS,VERIFIED,"100% of values in descriptive statistics, firm changes, and lagged pairs trace to verified observations in PHASE3_RAW_DATA.csv and PHASE3_DERIVED_DATA.csv."
CHECK_02,ZERO_FABRICATION,No fabricated or synthetic observations appear in Phase 4,PASS,VERIFIED,Zero synthetic numbers generated. All calculations use strictly audited 10-K inputs.
CHECK_03,TEMPORAL_BOUNDS,No observations from 2025 or 2026 appear in the analysis,PASS,VERIFIED,"All analysis strictly confined to fiscal years 2020, 2021, 2022, 2023, and 2024."
CHECK_04,PANEL_ISOLATION,Jefferies (JEF) remains strictly quarantined from primary panel calculations,PASS,VERIFIED,"Jefferies is excluded from Panel A and Panel B pooling, correlations, and lagged models."
CHECK_05,LABEL_INTEGRITY,No unavailable or not-applicable values were converted to zero,PASS,VERIFIED,"Unavailable and not-applicable values (e.g. SF SLR, MC technology) are preserved as N/A and excluded from numeric computations."
CHECK_06,STRUCTURAL_COMPARABILITY,No structurally non-comparable variables pooled across incompatible business models,PASS,VERIFIED,Bank cash/debt and boutique cash/debt remain strictly segregated. Regulatory capital is confined to Panel A.
CHECK_07,DERIVATION_INTEGRITY,All derived capital allocation ratios have explicit formulas,PASS,VERIFIED,"Formulas recorded: distribution ratio (total_cash_returned / net_revenue * 100), repurchase ratio (repurchases / net_revenue * 100), dividend ratio (dividends / net_revenue * 100)."
CHECK_08,LAG_ALIGNMENT,Lagged variables strictly adhere to one-year (t -> t+1) time alignment,PASS,VERIFIED,"100% of the 432 lagged observation pairs follow exact one-year sequential transitions (2020->2021, 2021->2022, 2022->2023, 2023->2024)."
CHECK_09,SAMPLE_TRANSPARENCY,Actual sample size N is reported for every calculated correlation,PASS,VERIFIED,Sample size N is explicitly documented for all 35 correlation coefficients.
CHECK_10,STATISTICAL_RIGOR,Pearson and Spearman rank correlations calculated on identical observation sets,PASS,VERIFIED,"Every Pearson/Spearman comparison uses the identical (x_vals, y_vals) vector without differential filtering."
CHECK_11,VISUALIZATION_FIDELITY,All 9 generated charts match underlying table and CSV data exactly,PASS,VERIFIED,All 9 charts in PHASE4_CHARTS/ are generated directly from the identical data store used for PHASE4_TABLES.md.
CHECK_12,TABULAR_FIDELITY,Summary tables strictly reconcile with underlying CSV records,PASS,VERIFIED,"Values in TABLE 1 through TABLE 8 match values in PHASE4_DESCRIPTIVE_STATISTICS.csv, PHASE4_FIRM_CHANGES.csv, and PHASE4_CORRELATIONS.csv."
CHECK_13,NON_CAUSAL_INTEGRITY,Prohibition of causal assertions strictly observed in documentation,PASS,VERIFIED,"Language strictly adheres to observational descriptions ('associated with', 'coincided with', 'was observed alongside')."
CHECK_14,EVALUATION_NEUTRALITY,Zero subjective firm rankings or evaluative 'best/worst' claims appear,PASS,VERIFIED,All comparisons are strictly factual and objective; no 'top performer' or 'superior capital allocator' labels used.
CHECK_15,CONTEXTUAL_CITATION,Macroeconomic and regulatory context claims are explicitly cited,PASS,VERIFIED,"Regulatory relief expiration (March 31, 2021) and Federal Reserve rate cycles explicitly cited from official regulatory notices."
