firm,ticker,fiscal_year,period_end,derived_variable,formula,input_observation_ids,calculated_value,unit,source_observation_id,notes
"Goldman Sachs Group, Inc.",GS,2020,2020-12-31,total_cash_returned,dividends_paid + share_repurchases,"RAW_GS_2020_dividends_paid, RAW_GS_2020_share_repurchases",4264.0,USD Millions,DER_GS_2020_total_cash_returned,Total cash returned to shareholders via dividends (2336.0M) and share repurchases (1928.0M).
"Goldman Sachs Group, Inc.",GS,2021,2021-12-31,total_cash_returned,dividends_paid + share_repurchases,"RAW_GS_2021_dividends_paid, RAW_GS_2021_share_repurchases",7925.0,USD Millions,DER_GS_2021_total_cash_returned,Total cash returned to shareholders via dividends (2725.0M) and share repurchases (5200.0M).
"Goldman Sachs Group, Inc.",GS,2022,2022-12-31,total_cash_returned,dividends_paid + share_repurchases,"RAW_GS_2022_dividends_paid, RAW_GS_2022_share_repurchases",7182.0,USD Millions,DER_GS_2022_total_cash_returned,Total cash returned to shareholders via dividends (3682.0M) and share repurchases (3500.0M).
"Goldman Sachs Group, Inc.",GS,2023,2023-12-31,total_cash_returned,dividends_paid + share_repurchases,"RAW_GS_2023_dividends_paid, RAW_GS_2023_share_repurchases",9985.0,USD Millions,DER_GS_2023_total_cash_returned,Total cash returned to shareholders via dividends (4189.0M) and share repurchases (5796.0M).
"Goldman Sachs Group, Inc.",GS,2024,2024-12-31,total_cash_returned,dividends_paid + share_repurchases,"RAW_GS_2024_dividends_paid, RAW_GS_2024_share_repurchases",12497.0,USD Millions,DER_GS_2024_total_cash_returned,Total cash returned to shareholders via dividends (4497.0M) and share repurchases (8000.0M).
Morgan Stanley,MS,2020,2020-12-31,total_cash_returned,dividends_paid + share_repurchases,"RAW_MS_2020_dividends_paid, RAW_MS_2020_share_repurchases",4086.0,USD Millions,DER_MS_2020_total_cash_returned,Total cash returned to shareholders via dividends (2739.0M) and share repurchases (1347.0M).
Morgan Stanley,MS,2021,2021-12-31,total_cash_returned,dividends_paid + share_repurchases,"RAW_MS_2021_dividends_paid, RAW_MS_2021_share_repurchases",15635.0,USD Millions,DER_MS_2021_total_cash_returned,Total cash returned to shareholders via dividends (4171.0M) and share repurchases (11464.0M).
Morgan Stanley,MS,2022,2022-12-31,total_cash_returned,dividends_paid + share_repurchases,"RAW_MS_2022_dividends_paid, RAW_MS_2022_share_repurchases",15266.0,USD Millions,DER_MS_2022_total_cash_returned,Total cash returned to shareholders via dividends (5401.0M) and share repurchases (9865.0M).
Morgan Stanley,MS,2023,2023-12-31,total_cash_returned,dividends_paid + share_repurchases,"RAW_MS_2023_dividends_paid, RAW_MS_2023_share_repurchases",11063.0,USD Millions,DER_MS_2023_total_cash_returned,Total cash returned to shareholders via dividends (5763.0M) and share repurchases (5300.0M).
Morgan Stanley,MS,2024,2024-12-31,total_cash_returned,dividends_paid + share_repurchases,"RAW_MS_2024_dividends_paid, RAW_MS_2024_share_repurchases",9388.0,USD Millions,DER_MS_2024_total_cash_returned,Total cash returned to shareholders via dividends (6138.0M) and share repurchases (3250.0M).
JPMorgan Chase & Co.,JPM,2020,2020-12-31,total_cash_returned,dividends_paid + share_repurchases,"RAW_JPM_2020_dividends_paid, RAW_JPM_2020_share_repurchases",19207.0,USD Millions,DER_JPM_2020_total_cash_returned,Total cash returned to shareholders via dividends (12690.0M) and share repurchases (6517.0M).
JPMorgan Chase & Co.,JPM,2021,2021-12-31,total_cash_returned,dividends_paid + share_repurchases,"RAW_JPM_2021_dividends_paid, RAW_JPM_2021_share_repurchases",31266.0,USD Millions,DER_JPM_2021_total_cash_returned,Total cash returned to shareholders via dividends (12858.0M) and share repurchases (18408.0M).
JPMorgan Chase & Co.,JPM,2022,2022-12-31,total_cash_returned,dividends_paid + share_repurchases,"RAW_JPM_2022_dividends_paid, RAW_JPM_2022_share_repurchases",16724.0,USD Millions,DER_JPM_2022_total_cash_returned,Total cash returned to shareholders via dividends (13562.0M) and share repurchases (3162.0M).
JPMorgan Chase & Co.,JPM,2023,2023-12-31,total_cash_returned,dividends_paid + share_repurchases,"RAW_JPM_2023_dividends_paid, RAW_JPM_2023_share_repurchases",23287.0,USD Millions,DER_JPM_2023_total_cash_returned,Total cash returned to shareholders via dividends (13463.0M) and share repurchases (9824.0M).
JPMorgan Chase & Co.,JPM,2024,2024-12-31,total_cash_returned,dividends_paid + share_repurchases,"RAW_JPM_2024_dividends_paid, RAW_JPM_2024_share_repurchases",33613.0,USD Millions,DER_JPM_2024_total_cash_returned,Total cash returned to shareholders via dividends (14783.0M) and share repurchases (18830.0M).
Stifel Financial Corp.,SF,2020,2020-12-31,total_cash_returned,dividends_paid + share_repurchases,"RAW_SF_2020_dividends_paid, RAW_SF_2020_share_repurchases",132.1,USD Millions,DER_SF_2020_total_cash_returned,Total cash returned to shareholders via dividends (73.8M) and share repurchases (58.3M).
Stifel Financial Corp.,SF,2021,2021-12-31,total_cash_returned,dividends_paid + share_repurchases,"RAW_SF_2021_dividends_paid, RAW_SF_2021_share_repurchases",274.6,USD Millions,DER_SF_2021_total_cash_returned,Total cash returned to shareholders via dividends (101.9M) and share repurchases (172.7M).
Stifel Financial Corp.,SF,2022,2022-12-31,total_cash_returned,dividends_paid + share_repurchases,"RAW_SF_2022_dividends_paid, RAW_SF_2022_share_repurchases",276.8,USD Millions,DER_SF_2022_total_cash_returned,Total cash returned to shareholders via dividends (171.0M) and share repurchases (105.8M).
Stifel Financial Corp.,SF,2023,2023-12-31,total_cash_returned,dividends_paid + share_repurchases,"RAW_SF_2023_dividends_paid, RAW_SF_2023_share_repurchases",644.2,USD Millions,DER_SF_2023_total_cash_returned,Total cash returned to shareholders via dividends (200.3M) and share repurchases (443.9M).
Stifel Financial Corp.,SF,2024,2024-12-31,total_cash_returned,dividends_paid + share_repurchases,"RAW_SF_2024_dividends_paid, RAW_SF_2024_share_repurchases",371.4,USD Millions,DER_SF_2024_total_cash_returned,Total cash returned to shareholders via dividends (227.3M) and share repurchases (144.1M).
Evercore Inc.,EVR,2020,2020-12-31,total_cash_returned,dividends_paid + share_repurchases,"RAW_EVR_2020_dividends_paid, RAW_EVR_2020_share_repurchases",253.2,USD Millions,DER_EVR_2020_total_cash_returned,Total cash returned to shareholders via dividends (106.6M) and share repurchases (146.6M).
Evercore Inc.,EVR,2020,2020-12-31,net_cash_or_net_debt,cash - debt,"RAW_EVR_2020_cash, RAW_EVR_2020_debt",577.8,USD Millions,DER_EVR_2020_net_cash_or_net_debt,Net cash or net debt (Cash 577.8M less long-term debt 0.0M).
Evercore Inc.,EVR,2020,2020-12-31,operating_margin,operating_income / net_revenue * 100,"RAW_EVR_2020_operating_income, RAW_EVR_2020_net_revenue",19.45,%,DER_EVR_2020_operating_margin,Operating margin percentage (Operating income 444.6M / Net revenue 2285.3M * 100).
Evercore Inc.,EVR,2021,2021-12-31,total_cash_returned,dividends_paid + share_repurchases,"RAW_EVR_2021_dividends_paid, RAW_EVR_2021_share_repurchases",839.5,USD Millions,DER_EVR_2021_total_cash_returned,Total cash returned to shareholders via dividends (118.8M) and share repurchases (720.7M).
Evercore Inc.,EVR,2021,2021-12-31,net_cash_or_net_debt,cash - debt,"RAW_EVR_2021_cash, RAW_EVR_2021_debt",590.2,USD Millions,DER_EVR_2021_net_cash_or_net_debt,Net cash or net debt (Cash 590.2M less long-term debt 0.0M).
Evercore Inc.,EVR,2021,2021-12-31,operating_margin,operating_income / net_revenue * 100,"RAW_EVR_2021_operating_income, RAW_EVR_2021_net_revenue",27.93,%,DER_EVR_2021_operating_margin,Operating margin percentage (Operating income 923.6M / Net revenue 3307.1M * 100).
Evercore Inc.,EVR,2022,2022-12-31,total_cash_returned,dividends_paid + share_repurchases,"RAW_EVR_2022_dividends_paid, RAW_EVR_2022_share_repurchases",647.8,USD Millions,DER_EVR_2022_total_cash_returned,Total cash returned to shareholders via dividends (127.3M) and share repurchases (520.5M).
Evercore Inc.,EVR,2022,2022-12-31,net_cash_or_net_debt,cash - debt,"RAW_EVR_2022_cash, RAW_EVR_2022_debt",588.6,USD Millions,DER_EVR_2022_net_cash_or_net_debt,Net cash or net debt (Cash 588.6M less long-term debt 0.0M).
Evercore Inc.,EVR,2022,2022-12-31,operating_margin,operating_income / net_revenue * 100,"RAW_EVR_2022_operating_income, RAW_EVR_2022_net_revenue",25.24,%,DER_EVR_2022_operating_margin,Operating margin percentage (Operating income 701.3M / Net revenue 2778.9M * 100).
Evercore Inc.,EVR,2023,2023-12-31,total_cash_returned,dividends_paid + share_repurchases,"RAW_EVR_2023_dividends_paid, RAW_EVR_2023_share_repurchases",515.2,USD Millions,DER_EVR_2023_total_cash_returned,Total cash returned to shareholders via dividends (127.9M) and share repurchases (387.3M).
Evercore Inc.,EVR,2023,2023-12-31,net_cash_or_net_debt,cash - debt,"RAW_EVR_2023_cash, RAW_EVR_2023_debt",596.1,USD Millions,DER_EVR_2023_net_cash_or_net_debt,Net cash or net debt (Cash 596.1M less long-term debt 0.0M).
Evercore Inc.,EVR,2023,2023-12-31,operating_margin,operating_income / net_revenue * 100,"RAW_EVR_2023_operating_income, RAW_EVR_2023_net_revenue",15.0,%,DER_EVR_2023_operating_margin,Operating margin percentage (Operating income 366.4M / Net revenue 2442.7M * 100).
Evercore Inc.,EVR,2024,2024-12-31,total_cash_returned,dividends_paid + share_repurchases,"RAW_EVR_2024_dividends_paid, RAW_EVR_2024_share_repurchases",584.0,USD Millions,DER_EVR_2024_total_cash_returned,Total cash returned to shareholders via dividends (135.8M) and share repurchases (448.2M).
Evercore Inc.,EVR,2024,2024-12-31,net_cash_or_net_debt,cash - debt,"RAW_EVR_2024_cash, RAW_EVR_2024_debt",687.4,USD Millions,DER_EVR_2024_net_cash_or_net_debt,Net cash or net debt (Cash 687.4M less long-term debt 0.0M).
Evercore Inc.,EVR,2024,2024-12-31,operating_margin,operating_income / net_revenue * 100,"RAW_EVR_2024_operating_income, RAW_EVR_2024_net_revenue",16.53,%,DER_EVR_2024_operating_margin,Operating margin percentage (Operating income 495.2M / Net revenue 2996.4M * 100).
"Lazard, Inc.",LAZ,2020,2020-12-31,total_cash_returned,dividends_paid + share_repurchases,"RAW_LAZ_2020_dividends_paid, RAW_LAZ_2020_share_repurchases",291.8,USD Millions,DER_LAZ_2020_total_cash_returned,Total cash returned to shareholders via dividends (196.6M) and share repurchases (95.2M).
"Lazard, Inc.",LAZ,2020,2020-12-31,net_cash_or_net_debt,cash - debt,"RAW_LAZ_2020_cash, RAW_LAZ_2020_debt",-341.5,USD Millions,DER_LAZ_2020_net_cash_or_net_debt,Net cash or net debt (Cash 1349.5M less long-term debt 1691.0M).
"Lazard, Inc.",LAZ,2020,2020-12-31,operating_margin,operating_income / net_revenue * 100,"RAW_LAZ_2020_operating_income, RAW_LAZ_2020_net_revenue",18.34,%,DER_LAZ_2020_operating_margin,Operating margin percentage (Operating income 485.4M / Net revenue 2646.8M * 100).
"Lazard, Inc.",LAZ,2021,2021-12-31,total_cash_returned,dividends_paid + share_repurchases,"RAW_LAZ_2021_dividends_paid, RAW_LAZ_2021_share_repurchases",602.0,USD Millions,DER_LAZ_2021_total_cash_returned,Total cash returned to shareholders via dividends (195.9M) and share repurchases (406.1M).
"Lazard, Inc.",LAZ,2021,2021-12-31,net_cash_or_net_debt,cash - debt,"RAW_LAZ_2021_cash, RAW_LAZ_2021_debt",-209.7,USD Millions,DER_LAZ_2021_net_cash_or_net_debt,Net cash or net debt (Cash 1476.3M less long-term debt 1686.0M).
"Lazard, Inc.",LAZ,2021,2021-12-31,operating_margin,operating_income / net_revenue * 100,"RAW_LAZ_2021_operating_income, RAW_LAZ_2021_net_revenue",20.06,%,DER_LAZ_2021_operating_margin,Operating margin percentage (Operating income 656.7M / Net revenue 3273.8M * 100).
"Lazard, Inc.",LAZ,2022,2022-12-31,total_cash_returned,dividends_paid + share_repurchases,"RAW_LAZ_2022_dividends_paid, RAW_LAZ_2022_share_repurchases",873.6,USD Millions,DER_LAZ_2022_total_cash_returned,Total cash returned to shareholders via dividends (181.9M) and share repurchases (691.7M).
"Lazard, Inc.",LAZ,2022,2022-12-31,net_cash_or_net_debt,cash - debt,"RAW_LAZ_2022_cash, RAW_LAZ_2022_debt",-468.4,USD Millions,DER_LAZ_2022_net_cash_or_net_debt,Net cash or net debt (Cash 1213.6M less long-term debt 1682.0M).
"Lazard, Inc.",LAZ,2022,2022-12-31,operating_margin,operating_income / net_revenue * 100,"RAW_LAZ_2022_operating_income, RAW_LAZ_2022_net_revenue",16.61,%,DER_LAZ_2022_operating_margin,Operating margin percentage (Operating income 474.3M / Net revenue 2855.1M * 100).
"Lazard, Inc.",LAZ,2023,2023-12-31,total_cash_returned,dividends_paid + share_repurchases,"RAW_LAZ_2023_dividends_paid, RAW_LAZ_2023_share_repurchases",275.2,USD Millions,DER_LAZ_2023_total_cash_returned,Total cash returned to shareholders via dividends (173.1M) and share repurchases (102.1M).
"Lazard, Inc.",LAZ,2023,2023-12-31,net_cash_or_net_debt,cash - debt,"RAW_LAZ_2023_cash, RAW_LAZ_2023_debt",-760.6,USD Millions,DER_LAZ_2023_net_cash_or_net_debt,Net cash or net debt (Cash 917.4M less long-term debt 1678.0M).
"Lazard, Inc.",LAZ,2023,2023-12-31,operating_margin,operating_income / net_revenue * 100,"RAW_LAZ_2023_operating_income, RAW_LAZ_2023_net_revenue",-3.38,%,DER_LAZ_2023_operating_margin,Operating margin percentage (Operating income -87.7M / Net revenue 2593.2M * 100).
"Lazard, Inc.",LAZ,2024,2024-12-31,total_cash_returned,dividends_paid + share_repurchases,"RAW_LAZ_2024_dividends_paid, RAW_LAZ_2024_share_repurchases",238.5,USD Millions,DER_LAZ_2024_total_cash_returned,Total cash returned to shareholders via dividends (179.0M) and share repurchases (59.5M).
"Lazard, Inc.",LAZ,2024,2024-12-31,net_cash_or_net_debt,cash - debt,"RAW_LAZ_2024_cash, RAW_LAZ_2024_debt",-518.4,USD Millions,DER_LAZ_2024_net_cash_or_net_debt,Net cash or net debt (Cash 1155.6M less long-term debt 1674.0M).
"Lazard, Inc.",LAZ,2024,2024-12-31,operating_margin,operating_income / net_revenue * 100,"RAW_LAZ_2024_operating_income, RAW_LAZ_2024_net_revenue",10.87,%,DER_LAZ_2024_operating_margin,Operating margin percentage (Operating income 341.2M / Net revenue 3139.9M * 100).
Moelis & Company,MC,2020,2020-12-31,total_cash_returned,dividends_paid + share_repurchases,"RAW_MC_2020_dividends_paid, RAW_MC_2020_share_repurchases",327.2,USD Millions,DER_MC_2020_total_cash_returned,Total cash returned to shareholders via dividends (282.9M) and share repurchases (44.3M).
Moelis & Company,MC,2020,2020-12-31,net_cash_or_net_debt,cash - debt,"RAW_MC_2020_cash, RAW_MC_2020_debt",336.8,USD Millions,DER_MC_2020_net_cash_or_net_debt,Net cash or net debt (Cash 336.8M less long-term debt 0.0M).
Moelis & Company,MC,2020,2020-12-31,operating_margin,operating_income / net_revenue * 100,"RAW_MC_2020_operating_income, RAW_MC_2020_net_revenue",24.59,%,DER_MC_2020_operating_margin,Operating margin percentage (Operating income 232.0M / Net revenue 943.3M * 100).
Moelis & Company,MC,2021,2021-12-31,total_cash_returned,dividends_paid + share_repurchases,"RAW_MC_2021_dividends_paid, RAW_MC_2021_share_repurchases",584.1,USD Millions,DER_MC_2021_total_cash_returned,Total cash returned to shareholders via dividends (479.9M) and share repurchases (104.2M).
Moelis & Company,MC,2021,2021-12-31,net_cash_or_net_debt,cash - debt,"RAW_MC_2021_cash, RAW_MC_2021_debt",597.5,USD Millions,DER_MC_2021_net_cash_or_net_debt,Net cash or net debt (Cash 597.5M less long-term debt 0.0M).
Moelis & Company,MC,2021,2021-12-31,operating_margin,operating_income / net_revenue * 100,"RAW_MC_2021_operating_income, RAW_MC_2021_net_revenue",30.16,%,DER_MC_2021_operating_margin,Operating margin percentage (Operating income 464.7M / Net revenue 1540.6M * 100).
Moelis & Company,MC,2022,2022-12-31,total_cash_returned,dividends_paid + share_repurchases,"RAW_MC_2022_dividends_paid, RAW_MC_2022_share_repurchases",322.2,USD Millions,DER_MC_2022_total_cash_returned,Total cash returned to shareholders via dividends (174.7M) and share repurchases (147.5M).
Moelis & Company,MC,2022,2022-12-31,net_cash_or_net_debt,cash - debt,"RAW_MC_2022_cash, RAW_MC_2022_debt",454.1,USD Millions,DER_MC_2022_net_cash_or_net_debt,Net cash or net debt (Cash 454.1M less long-term debt 0.0M).
Moelis & Company,MC,2022,2022-12-31,operating_margin,operating_income / net_revenue * 100,"RAW_MC_2022_operating_income, RAW_MC_2022_net_revenue",21.71,%,DER_MC_2022_operating_margin,Operating margin percentage (Operating income 213.9M / Net revenue 985.3M * 100).
Moelis & Company,MC,2023,2023-12-31,total_cash_returned,dividends_paid + share_repurchases,"RAW_MC_2023_dividends_paid, RAW_MC_2023_share_repurchases",229.2,USD Millions,DER_MC_2023_total_cash_returned,Total cash returned to shareholders via dividends (182.2M) and share repurchases (47.0M).
Moelis & Company,MC,2023,2023-12-31,net_cash_or_net_debt,cash - debt,"RAW_MC_2023_cash, RAW_MC_2023_debt",363.5,USD Millions,DER_MC_2023_net_cash_or_net_debt,Net cash or net debt (Cash 363.5M less long-term debt 0.0M).
Moelis & Company,MC,2023,2023-12-31,operating_margin,operating_income / net_revenue * 100,"RAW_MC_2023_operating_income, RAW_MC_2023_net_revenue",10.64,%,DER_MC_2023_operating_margin,Operating margin percentage (Operating income 90.9M / Net revenue 854.7M * 100).
Moelis & Company,MC,2024,2024-12-31,total_cash_returned,dividends_paid + share_repurchases,"RAW_MC_2024_dividends_paid, RAW_MC_2024_share_repurchases",195.0,USD Millions,DER_MC_2024_total_cash_returned,Total cash returned to shareholders via dividends (184.2M) and share repurchases (10.8M).
Moelis & Company,MC,2024,2024-12-31,net_cash_or_net_debt,cash - debt,"RAW_MC_2024_cash, RAW_MC_2024_debt",432.8,USD Millions,DER_MC_2024_net_cash_or_net_debt,Net cash or net debt (Cash 432.8M less long-term debt 0.0M).
Moelis & Company,MC,2024,2024-12-31,operating_margin,operating_income / net_revenue * 100,"RAW_MC_2024_operating_income, RAW_MC_2024_net_revenue",19.68,%,DER_MC_2024_operating_margin,Operating margin percentage (Operating income 235.1M / Net revenue 1194.5M * 100).
Jefferies Financial Group Inc.,JEF,2020,2020-11-30,total_cash_returned,dividends_paid + share_repurchases,"RAW_JEF_2020_dividends_paid, RAW_JEF_2020_share_repurchases",977.8,USD Millions,DER_JEF_2020_total_cash_returned,Total cash returned to shareholders via dividends (160.9M) and share repurchases (816.9M).
Jefferies Financial Group Inc.,JEF,2021,2021-11-30,total_cash_returned,dividends_paid + share_repurchases,"RAW_JEF_2021_dividends_paid, RAW_JEF_2021_share_repurchases",492.2,USD Millions,DER_JEF_2021_total_cash_returned,Total cash returned to shareholders via dividends (222.8M) and share repurchases (269.4M).
Jefferies Financial Group Inc.,JEF,2022,2022-11-30,total_cash_returned,dividends_paid + share_repurchases,"RAW_JEF_2022_dividends_paid, RAW_JEF_2022_share_repurchases",1139.7,USD Millions,DER_JEF_2022_total_cash_returned,Total cash returned to shareholders via dividends (280.1M) and share repurchases (859.6M).
Jefferies Financial Group Inc.,JEF,2023,2023-11-30,total_cash_returned,dividends_paid + share_repurchases,"RAW_JEF_2023_dividends_paid, RAW_JEF_2023_share_repurchases",448.0,USD Millions,DER_JEF_2023_total_cash_returned,Total cash returned to shareholders via dividends (278.6M) and share repurchases (169.4M).
Jefferies Financial Group Inc.,JEF,2024,2024-11-30,total_cash_returned,dividends_paid + share_repurchases,"RAW_JEF_2024_dividends_paid, RAW_JEF_2024_share_repurchases",347.3,USD Millions,DER_JEF_2024_total_cash_returned,Total cash returned to shareholders via dividends (303.0M) and share repurchases (44.3M).
