firm_name,ticker,cik,fiscal_year,filing_type,period_end_date,filing_date,sec_accession_number,primary_doc_name,sec_edgar_url
"Goldman Sachs Group, Inc.",GS,0000886982,2024,10-K,2024-12-31,2025-02-27,0000886982-25-000005,gs-20241231.htm,https://www.sec.gov/ix?doc=/Archives/edgar/data/0000886982/000088698225000005/gs-20241231.htm
"Goldman Sachs Group, Inc.",GS,0000886982,2023,10-K,2023-12-31,2024-02-23,0000886982-24-000006,gs-20231231.htm,https://www.sec.gov/ix?doc=/Archives/edgar/data/0000886982/000088698224000006/gs-20231231.htm
"Goldman Sachs Group, Inc.",GS,0000886982,2022,10-K,2022-12-31,2023-02-24,0000886982-23-000003,gs-20221231.htm,https://www.sec.gov/ix?doc=/Archives/edgar/data/0000886982/000088698223000003/gs-20221231.htm
"Goldman Sachs Group, Inc.",GS,0000886982,2021,10-K,2021-12-31,2022-02-25,0001193125-22-052682,d192225d10k.htm,https://www.sec.gov/ix?doc=/Archives/edgar/data/0000886982/000119312522052682/d192225d10k.htm
"Goldman Sachs Group, Inc.",GS,0000886982,2020,10-K,2020-12-31,2021-02-22,0001193125-21-049380,d39654d10k.htm,https://www.sec.gov/ix?doc=/Archives/edgar/data/0000886982/000119312521049380/d39654d10k.htm
Morgan Stanley,MS,0000895421,2024,10-K,2024-12-31,2025-02-21,0000895421-25-000304,ms-20241231.htm,https://www.sec.gov/ix?doc=/Archives/edgar/data/0000895421/000089542125000304/ms-20241231.htm
Morgan Stanley,MS,0000895421,2023,10-K,2023-12-31,2024-02-22,0000895421-24-000300,ms-20231231.htm,https://www.sec.gov/ix?doc=/Archives/edgar/data/0000895421/000089542124000300/ms-20231231.htm
Morgan Stanley,MS,0000895421,2022,10-K,2022-12-31,2023-02-24,0000895421-23-000284,ms-20221231.htm,https://www.sec.gov/ix?doc=/Archives/edgar/data/0000895421/000089542123000284/ms-20221231.htm
Morgan Stanley,MS,0000895421,2021,10-K,2021-12-31,2022-02-24,0000895421-22-000400,ms-20211231.htm,https://www.sec.gov/ix?doc=/Archives/edgar/data/0000895421/000089542122000400/ms-20211231.htm
Morgan Stanley,MS,0000895421,2020,10-K,2020-12-31,2021-02-26,0000895421-21-000286,ms-20201231.htm,https://www.sec.gov/ix?doc=/Archives/edgar/data/0000895421/000089542121000286/ms-20201231.htm
JPMorgan Chase & Co.,JPM,0000019617,2024,10-K,2024-12-31,2025-02-14,0000019617-25-000270,jpm-20241231.htm,https://www.sec.gov/ix?doc=/Archives/edgar/data/0000019617/000001961725000270/jpm-20241231.htm
JPMorgan Chase & Co.,JPM,0000019617,2023,10-K,2023-12-31,2024-02-16,0000019617-24-000225,jpm-20231231.htm,https://www.sec.gov/ix?doc=/Archives/edgar/data/0000019617/000001961724000225/jpm-20231231.htm
JPMorgan Chase & Co.,JPM,0000019617,2022,10-K,2022-12-31,2023-02-21,0000019617-23-000231,jpm-20221231.htm,https://www.sec.gov/ix?doc=/Archives/edgar/data/0000019617/000001961723000231/jpm-20221231.htm
JPMorgan Chase & Co.,JPM,0000019617,2021,10-K,2021-12-31,2022-02-22,0000019617-22-000272,jpm-20211231.htm,https://www.sec.gov/ix?doc=/Archives/edgar/data/0000019617/000001961722000272/jpm-20211231.htm
JPMorgan Chase & Co.,JPM,0000019617,2020,10-K,2020-12-31,2021-02-23,0000019617-21-000236,jpm-20201231.htm,https://www.sec.gov/ix?doc=/Archives/edgar/data/0000019617/000001961721000236/jpm-20201231.htm
Jefferies Financial Group Inc.,JEF,0000096223,2024,10-K,2024-11-30,2025-01-28,0001628280-25-002833,jef-20241130.htm,https://www.sec.gov/ix?doc=/Archives/edgar/data/0000096223/000162828025002833/jef-20241130.htm
Jefferies Financial Group Inc.,JEF,0000096223,2023,10-K,2023-11-30,2024-01-26,0000096223-24-000006,jef-20231130.htm,https://www.sec.gov/ix?doc=/Archives/edgar/data/0000096223/000009622324000006/jef-20231130.htm
Jefferies Financial Group Inc.,JEF,0000096223,2022,10-K,2022-11-30,2023-01-27,0000096223-23-000009,jef-20221130.htm,https://www.sec.gov/ix?doc=/Archives/edgar/data/0000096223/000009622323000009/jef-20221130.htm
Jefferies Financial Group Inc.,JEF,0000096223,2021,10-K,2021-11-30,2022-01-28,0000096223-22-000006,jef-20211130.htm,https://www.sec.gov/ix?doc=/Archives/edgar/data/0000096223/000009622322000006/jef-20211130.htm
Jefferies Financial Group Inc.,JEF,0000096223,2020,10-K,2020-11-30,2021-01-29,0000096223-21-000009,jef-20201130.htm,https://www.sec.gov/ix?doc=/Archives/edgar/data/0000096223/000009622321000009/jef-20201130.htm
Evercore Inc.,EVR,0001360901,2024,10-K,2024-12-31,2025-02-21,0001360901-25-000005,evr-20241231.htm,https://www.sec.gov/ix?doc=/Archives/edgar/data/0001360901/000136090125000005/evr-20241231.htm
Evercore Inc.,EVR,0001360901,2023,10-K,2023-12-31,2024-02-22,0001360901-24-000007,evr-20231231.htm,https://www.sec.gov/ix?doc=/Archives/edgar/data/0001360901/000136090124000007/evr-20231231.htm
Evercore Inc.,EVR,0001360901,2022,10-K,2022-12-31,2023-02-24,0001360901-23-000005,evr-20221231.htm,https://www.sec.gov/ix?doc=/Archives/edgar/data/0001360901/000136090123000005/evr-20221231.htm
Evercore Inc.,EVR,0001360901,2021,10-K,2021-12-31,2022-02-24,0001360901-22-000005,evr-20211231.htm,https://www.sec.gov/ix?doc=/Archives/edgar/data/0001360901/000136090122000005/evr-20211231.htm
Evercore Inc.,EVR,0001360901,2020,10-K,2020-12-31,2021-02-25,0001360901-21-000005,evr-20201231.htm,https://www.sec.gov/ix?doc=/Archives/edgar/data/0001360901/000136090121000005/evr-20201231.htm
"Lazard, Inc.",LAZ,0001311370,2024,10-K,2024-12-31,2025-02-24,0001628280-25-007441,laz-20241231.htm,https://www.sec.gov/ix?doc=/Archives/edgar/data/0001311370/000162828025007441/laz-20241231.htm
"Lazard, Inc.",LAZ,0001311370,2023,10-K,2023-12-31,2024-02-23,0001628280-24-006659,laz-20231231.htm,https://www.sec.gov/ix?doc=/Archives/edgar/data/0001311370/000162828024006659/laz-20231231.htm
"Lazard, Inc.",LAZ,0001311370,2022,10-K,2022-12-31,2023-02-23,0001564590-23-002334,laz-10k_20221231.htm,https://www.sec.gov/ix?doc=/Archives/edgar/data/0001311370/000156459023002334/laz-10k_20221231.htm
"Lazard, Inc.",LAZ,0001311370,2021,10-K,2021-12-31,2022-02-28,0001564590-22-007675,laz-10k_20211231.htm,https://www.sec.gov/ix?doc=/Archives/edgar/data/0001311370/000156459022007675/laz-10k_20211231.htm
"Lazard, Inc.",LAZ,0001311370,2020,10-K,2020-12-31,2021-02-26,0001564590-21-009197,laz-10k_20201231.htm,https://www.sec.gov/ix?doc=/Archives/edgar/data/0001311370/000156459021009197/laz-10k_20201231.htm
Moelis & Company,MC,0001596967,2024,10-K,2024-12-31,2025-02-27,0000950170-25-029070,mc-20241231.htm,https://www.sec.gov/ix?doc=/Archives/edgar/data/0001596967/000095017025029070/mc-20241231.htm
Moelis & Company,MC,0001596967,2023,10-K,2023-12-31,2024-02-22,0000950170-24-018791,mc-20231231.htm,https://www.sec.gov/ix?doc=/Archives/edgar/data/0001596967/000095017024018791/mc-20231231.htm
Moelis & Company,MC,0001596967,2022,10-K,2022-12-31,2023-02-23,0000950170-23-004120,mc-20221231.htm,https://www.sec.gov/ix?doc=/Archives/edgar/data/0001596967/000095017023004120/mc-20221231.htm
Moelis & Company,MC,0001596967,2021,10-K,2021-12-31,2022-02-23,0000950170-22-001785,mc-20211231.htm,https://www.sec.gov/ix?doc=/Archives/edgar/data/0001596967/000095017022001785/mc-20211231.htm
Moelis & Company,MC,0001596967,2020,10-K,2020-12-31,2021-02-24,0001564590-21-008170,mc-10k_20201231.htm,https://www.sec.gov/ix?doc=/Archives/edgar/data/0001596967/000156459021008170/mc-10k_20201231.htm
Stifel Financial Corp.,SF,0000720672,2024,10-K,2024-12-31,2025-02-26,0000950170-25-027702,sf-20241231.htm,https://www.sec.gov/ix?doc=/Archives/edgar/data/0000720672/000095017025027702/sf-20241231.htm
Stifel Financial Corp.,SF,0000720672,2023,10-K,2023-12-31,2024-02-16,0000950170-24-016475,sf-20231231.htm,https://www.sec.gov/ix?doc=/Archives/edgar/data/0000720672/000095017024016475/sf-20231231.htm
Stifel Financial Corp.,SF,0000720672,2022,10-K,2022-12-31,2023-02-17,0000950170-23-003201,sf-20221231.htm,https://www.sec.gov/ix?doc=/Archives/edgar/data/0000720672/000095017023003201/sf-20221231.htm
Stifel Financial Corp.,SF,0000720672,2021,10-K,2021-12-31,2022-02-18,0000950170-22-001451,sf-20211231.htm,https://www.sec.gov/ix?doc=/Archives/edgar/data/0000720672/000095017022001451/sf-20211231.htm
Stifel Financial Corp.,SF,0000720672,2020,10-K,2020-12-31,2021-02-19,0001564590-21-006800,sf-10k_20201231.htm,https://www.sec.gov/ix?doc=/Archives/edgar/data/0000720672/000156459021006800/sf-10k_20201231.htm
