group,panel,variable,variable_label,unit,n_observations,mean,median,min,max,std_dev,mean_2020,mean_2024,abs_change,pct_change,notes
COMMON_CORE_POOLED,Panels A & B Pooled (7 Firms),net_revenue,Total Net Revenues,USD Millions,35,36712.44,4783.1,854.7,170154.0,48785.16,31713.31,42680.07,10966.76,34.58,Descriptive common-core comparison covering 7 firms across 2020-2024.
SENSITIVITY,Jefferies (Sensitivity Only),net_revenue,Total Net Revenues,USD Millions,5,8186.34,7441.4,6880.4,10515.1,1527.69,6880.4,10515.1,3634.7,52.83,Jefferies isolated due to November 30 FY end and broker-dealer regulatory framework.
COMMON_CORE_POOLED,Panels A & B Pooled (7 Firms),investment_banking_revenue,Investment Banking Revenue,USD Millions,35,4534.65,2710.0,731.3,14877.0,3901.59,4586.37,4318.19,-268.18,-5.85,Descriptive common-core comparison covering 7 firms across 2020-2024.
SENSITIVITY,Jefferies (Sensitivity Only),investment_banking_revenue,Investment Banking Revenue,USD Millions,5,4579.82,4742.9,3233.2,6141.8,1094.11,3923.2,4858.0,934.8,23.83,Jefferies isolated due to November 30 FY end and broker-dealer regulatory framework.
COMMON_CORE_POOLED,Panels A & B Pooled (7 Firms),dividends_paid,Cash Dividends Paid,USD Millions,35,3217.66,227.3,73.8,14783.0,4657.93,2632.13,3734.9,1102.77,41.9,Descriptive common-core comparison covering 7 firms across 2020-2024.
SENSITIVITY,Jefferies (Sensitivity Only),dividends_paid,Cash Dividends Paid,USD Millions,5,249.08,278.6,160.9,303.0,57.46,160.9,303.0,142.1,88.32,Jefferies isolated due to November 30 FY end and broker-dealer regulatory framework.
COMMON_CORE_POOLED,Panels A & B Pooled (7 Firms),share_repurchases,Share Repurchases,USD Millions,35,3349.93,520.5,10.8,18830.0,5033.92,1448.06,4391.8,2943.74,203.29,Descriptive common-core comparison covering 7 firms across 2020-2024.
SENSITIVITY,Jefferies (Sensitivity Only),share_repurchases,Share Repurchases,USD Millions,5,431.92,269.4,44.3,859.6,379.7,816.9,44.3,-772.6,-94.58,Jefferies isolated due to November 30 FY end and broker-dealer regulatory framework.
COMMON_CORE_POOLED,Panels A & B Pooled (7 Firms),total_cash_returned,Total Cash Returned,USD Millions,35,6567.59,647.8,132.1,33613.0,9213.63,4080.19,8126.7,4046.51,99.17,Descriptive common-core comparison covering 7 firms across 2020-2024.
SENSITIVITY,Jefferies (Sensitivity Only),total_cash_returned,Total Cash Returned,USD Millions,5,681.0,492.2,347.3,1139.7,353.48,977.8,347.3,-630.5,-64.48,Jefferies isolated due to November 30 FY end and broker-dealer regulatory framework.
COMMON_CORE_POOLED,Panels A & B Pooled (7 Firms),shareholder_distribution_ratio,Shareholder Distribution Ratio (% of Net Revenue),%,35,18.06,16.32,3.46,37.91,8.88,13.48,15.42,1.94,14.39,Descriptive common-core comparison covering 7 firms across 2020-2024.
SENSITIVITY,Jefferies (Sensitivity Only),shareholder_distribution_ratio,Shareholder Distribution Ratio (% of Net Revenue),%,5,8.99,6.02,3.3,15.94,5.68,14.21,3.3,-10.91,-76.78,Jefferies isolated due to November 30 FY end and broker-dealer regulatory framework.
COMMON_CORE_POOLED,Panels A & B Pooled (7 Firms),repurchase_ratio,Share Repurchase Ratio (% of Net Revenue),%,35,9.11,6.76,0.9,24.23,6.48,4.12,7.35,3.23,78.4,Descriptive common-core comparison covering 7 firms across 2020-2024.
SENSITIVITY,Jefferies (Sensitivity Only),repurchase_ratio,Share Repurchase Ratio (% of Net Revenue),%,5,5.92,3.01,0.42,12.02,5.58,11.87,0.42,-11.45,-96.46,Jefferies isolated due to November 30 FY end and broker-dealer regulatory framework.
COMMON_CORE_POOLED,Panels A & B Pooled (7 Firms),dividend_payout_ratio,Dividend Payout Ratio (% of Net Revenue),%,35,8.95,6.98,1.93,31.15,6.81,9.36,8.07,-1.29,-13.78,Descriptive common-core comparison covering 7 firms across 2020-2024.
SENSITIVITY,Jefferies (Sensitivity Only),dividend_payout_ratio,Dividend Payout Ratio (% of Net Revenue),%,5,3.07,2.88,2.34,3.92,0.72,2.34,2.88,0.54,23.08,Jefferies isolated due to November 30 FY end and broker-dealer regulatory framework.
PANEL_A_BHC,Panel A (Bank Holding Companies),net_revenue,Total Net Revenues,USD Millions,20,62554.89,53589.0,3817.8,170154.0,51166.84,54029.45,72857.43,18827.98,34.85,"Panel A Bank Holding Companies (GS, MS, JPM, SF)."
PANEL_A_BHC,Panel A (Bank Holding Companies),investment_banking_revenue,Investment Banking Revenue,USD Millions,20,6578.27,6695.5,731.3,14877.0,4071.13,6883.07,6086.95,-796.12,-11.57,"Panel A Bank Holding Companies (GS, MS, JPM, SF)."
PANEL_A_BHC,Panel A (Bank Holding Companies),dividends_paid,Cash Dividends Paid,USD Millions,20,5488.56,4180.0,73.8,14783.0,5113.96,4459.7,6411.32,1951.62,43.76,"Panel A Bank Holding Companies (GS, MS, JPM, SF)."
PANEL_A_BHC,Panel A (Bank Holding Companies),share_repurchases,Share Repurchases,USD Millions,20,5665.79,4350.0,58.3,18830.0,5668.25,2462.57,7556.02,5093.45,206.83,"Panel A Bank Holding Companies (GS, MS, JPM, SF)."
PANEL_A_BHC,Panel A (Bank Holding Companies),total_cash_returned,Total Cash Returned,USD Millions,20,11154.35,9686.5,132.1,33613.0,10009.94,6922.27,13967.35,7045.08,101.77,"Panel A Bank Holding Companies (GS, MS, JPM, SF)."
PANEL_A_BHC,Panel A (Bank Holding Companies),roe,Return on Common Equity (ROE),%,20,14.41,14.15,7.5,23.0,3.77,12.85,13.82,0.97,7.55,"Panel A Bank Holding Companies (GS, MS, JPM, SF)."
PANEL_A_BHC,Panel A (Bank Holding Companies),rotce_or_rote,Return on Tangible Common Equity (ROTCE / ROTE),%,20,17.18,17.25,8.1,24.3,4.71,16.35,16.23,-0.12,-0.73,"Panel A Bank Holding Companies (GS, MS, JPM, SF)."
PANEL_A_BHC,Panel A (Bank Holding Companies),efficiency_or_overhead_ratio,Efficiency / Overhead Ratio,%,20,64.82,65.2,53.0,77.0,7.05,63.92,64.5,0.58,0.91,"Panel A Bank Holding Companies (GS, MS, JPM, SF)."
PANEL_A_BHC,Panel A (Bank Holding Companies),cet1_standardized,Standardized CET1 Capital Ratio,%,20,13.91,14.55,10.9,17.4,1.86,14.02,14.22,0.2,1.43,"Panel A Bank Holding Companies (GS, MS, JPM, SF)."
PANEL_A_BHC,Panel A (Bank Holding Companies),tier1_leverage_ratio,Tier 1 Leverage Ratio,%,20,7.54,7.25,6.8,8.9,0.76,7.53,7.6,0.07,0.93,"Panel A Bank Holding Companies (GS, MS, JPM, SF)."
PANEL_A_BHC,Panel A (Bank Holding Companies),supplementary_leverage_ratio,Supplementary Leverage Ratio (SLR),%,15,5.93,5.7,5.4,7.4,0.67,7.1,5.6,-1.5,-21.13,"Panel A Bank Holding Companies (GS, MS, JPM, SF). Note: SF legally exempt from SLR (Category IV BHC); N=15 across GS, MS, JPM."
PANEL_A_BHC,Panel A (Bank Holding Companies),tangible_common_equity,Tangible Common Equity,USD Millions,20,103241.45,79665.0,2750.0,278000.0,89478.9,89410.0,117332.5,27922.5,31.23,"Panel A Bank Holding Companies (GS, MS, JPM, SF)."
PANEL_A_BHC,Panel A (Bank Holding Companies),technology_or_business_investment,Technology Expense (Operating),USD Millions,20,4356.15,1977.0,210.0,15500.0,5249.2,3496.0,5130.0,1634.0,46.74,"Panel A Bank Holding Companies (GS, MS, JPM, SF)."
PANEL_A_BHC,Panel A (Bank Holding Companies),shareholder_distribution_ratio,Shareholder Distribution Ratio (% of Net Revenue),%,20,15.25,14.95,3.46,28.45,7.42,9.39,16.13,6.74,71.78,"Panel A Bank Holding Companies (GS, MS, JPM, SF)."
PANEL_A_BHC,Panel A (Bank Holding Companies),repurchase_ratio,Share Repurchase Ratio (% of Net Revenue),%,20,8.11,6.8,1.53,19.19,5.52,3.52,8.43,4.91,139.49,"Panel A Bank Holding Companies (GS, MS, JPM, SF)."
PANEL_A_BHC,Panel A (Bank Holding Companies),dividend_payout_ratio,Dividend Payout Ratio (% of Net Revenue),%,20,7.14,8.09,1.93,10.64,3.01,5.87,7.71,1.84,31.35,"Panel A Bank Holding Companies (GS, MS, JPM, SF)."
PANEL_B_BOUTIQUES,Panel B (Advisory Boutiques),net_revenue,Total Net Revenues,USD Millions,15,2255.84,2593.2,854.7,3307.1,900.19,1958.47,2443.6,485.13,24.77,"Panel B Independent Advisory Boutiques (EVR, LAZ, MC)."
PANEL_B_BOUTIQUES,Panel B (Advisory Boutiques),investment_banking_revenue,Advisory / Investment Banking Revenue,USD Millions,15,1809.83,1685.0,854.7,3240.0,744.34,1524.1,1959.83,435.73,28.59,"Panel B Independent Advisory Boutiques (EVR, LAZ, MC)."
PANEL_B_BOUTIQUES,Panel B (Advisory Boutiques),compensation_expense,Compensation and Benefits Expense,USD Millions,15,1447.75,1671.5,594.3,2040.9,562.71,1267.2,1598.37,331.17,26.13,"Panel B Independent Advisory Boutiques (EVR, LAZ, MC)."
PANEL_B_BOUTIQUES,Panel B (Advisory Boutiques),compensation_ratio,Compensation Expense Ratio,%,15,64.29,64.5,60.1,71.6,3.33,62.93,65.33,2.4,3.81,"Panel B Independent Advisory Boutiques (EVR, LAZ, MC)."
PANEL_B_BOUTIQUES,Panel B (Advisory Boutiques),operating_income,Operating Income,USD Millions,15,402.51,444.6,-87.7,923.6,251.68,387.33,357.17,-30.16,-7.79,"Panel B Independent Advisory Boutiques (EVR, LAZ, MC)."
PANEL_B_BOUTIQUES,Panel B (Advisory Boutiques),operating_margin,Operating Margin,%,15,18.23,19.45,-3.38,30.16,8.19,20.79,15.69,-5.1,-24.53,"Panel B Independent Advisory Boutiques (EVR, LAZ, MC)."
PANEL_B_BOUTIQUES,Panel B (Advisory Boutiques),dividends_paid,Dividends & Partner Distributions Paid,USD Millions,15,189.79,179.0,106.6,479.9,91.14,195.37,166.33,-29.04,-14.86,"Panel B Independent Advisory Boutiques (EVR, LAZ, MC)."
PANEL_B_BOUTIQUES,Panel B (Advisory Boutiques),share_repurchases,Share Repurchases,USD Millions,15,262.11,146.6,10.8,720.7,244.28,95.37,172.83,77.46,81.22,"Panel B Independent Advisory Boutiques (EVR, LAZ, MC)."
PANEL_B_BOUTIQUES,Panel B (Advisory Boutiques),total_cash_returned,Total Cash Returned (Distributions + Repurchases),USD Millions,15,451.9,327.2,195.0,873.6,226.42,290.73,339.17,48.44,16.66,"Panel B Independent Advisory Boutiques (EVR, LAZ, MC)."
PANEL_B_BOUTIQUES,Panel B (Advisory Boutiques),cash,Cash and Cash Equivalents,USD Millions,15,755.81,596.1,336.8,1476.3,371.7,754.7,758.6,3.9,0.52,"Panel B Independent Advisory Boutiques (EVR, LAZ, MC)."
PANEL_B_BOUTIQUES,Panel B (Advisory Boutiques),debt,Funded Long-Term Debt,USD Millions,15,560.73,0.0,0.0,1691.0,820.84,563.67,558.0,-5.67,-1.01,"Panel B Independent Advisory Boutiques (EVR, LAZ, MC)."
PANEL_B_BOUTIQUES,Panel B (Advisory Boutiques),net_cash_or_net_debt,Net Cash / Net Debt,USD Millions,15,195.08,432.8,-760.6,687.4,500.64,191.03,200.6,9.57,5.01,"Panel B Independent Advisory Boutiques (EVR, LAZ, MC)."
PANEL_B_BOUTIQUES,Panel B (Advisory Boutiques),technology_or_business_investment_if_available,Communications and Market Data Expense,USD Millions,10,138.8,140.0,102.0,165.0,19.97,118.5,155.0,36.5,30.8,"Panel B Independent Advisory Boutiques (EVR, LAZ, MC). Note: MC technology expense unavailable (bundled); N=10 across EVR, LAZ."
PANEL_B_BOUTIQUES,Panel B (Advisory Boutiques),shareholder_distribution_ratio,Shareholder Distribution Ratio (% of Net Revenue),%,15,21.8,21.09,7.6,37.91,9.52,18.93,14.47,-4.46,-23.56,"Panel B Independent Advisory Boutiques (EVR, LAZ, MC)."
