panel,relationship_type,predictor_variable,outcome_variable,n_observations,pearson_r,pearson_p_value,spearman_rho,spearman_p_value,direction,stability_flag,sample_size_note,non_causal_interpretation
PANEL_A,LAGGED_T_TO_T1,share_repurchases,roe,16,-0.0485,0.8584,-0.0353,0.8968,NEGATIVE,STABLE_DIRECTION,Small exploratory sample (N=16); maximum available from 4 annual transitions per firm. Do not interpret as causal evidence.,"The sample showed a negative exploratory association (r=-0.05, rho=-0.04)."
PANEL_A,LAGGED_T_TO_T1,share_repurchases,rotce_or_rote,16,-0.158,0.5589,-0.2765,0.2999,NEGATIVE,STABLE_DIRECTION,Small exploratory sample (N=16); maximum available from 4 annual transitions per firm. Do not interpret as causal evidence.,"The sample showed a negative exploratory association (r=-0.16, rho=-0.28)."
PANEL_A,LAGGED_T_TO_T1,share_repurchases,efficiency_or_overhead_ratio,16,0.0295,0.9136,0.0676,0.8034,POSITIVE,STABLE_DIRECTION,Small exploratory sample (N=16); maximum available from 4 annual transitions per firm. Do not interpret as causal evidence.,"The sample showed a positive exploratory association (r=0.03, rho=0.07)."
PANEL_A,LAGGED_T_TO_T1,dividends_paid,roe,16,0.2661,0.3192,0.1588,0.5569,POSITIVE,STABLE_DIRECTION,Small exploratory sample (N=16); maximum available from 4 annual transitions per firm. Do not interpret as causal evidence.,"The sample showed a positive exploratory association (r=0.27, rho=0.16)."
PANEL_A,LAGGED_T_TO_T1,dividends_paid,rotce_or_rote,16,0.2391,0.3725,-0.0235,0.9311,POSITIVE,DIVERGENT_SENSITIVE_TO_OUTLIERS,Small exploratory sample (N=16); maximum available from 4 annual transitions per firm. Do not interpret as causal evidence.,"The sample showed a positive exploratory association (r=0.24, rho=-0.02)."
PANEL_A,LAGGED_T_TO_T1,dividends_paid,efficiency_or_overhead_ratio,16,-0.4826,0.0583,-0.2176,0.4181,NEGATIVE,STABLE_DIRECTION,Small exploratory sample (N=16); maximum available from 4 annual transitions per firm. Do not interpret as causal evidence.,"The sample showed a negative exploratory association (r=-0.48, rho=-0.22)."
PANEL_A,LAGGED_T_TO_T1,total_cash_returned,roe,16,0.1187,0.6615,0.1382,0.6097,POSITIVE,STABLE_DIRECTION,Small exploratory sample (N=16); maximum available from 4 annual transitions per firm. Do not interpret as causal evidence.,"The sample showed a positive exploratory association (r=0.12, rho=0.14)."
PANEL_A,LAGGED_T_TO_T1,total_cash_returned,rotce_or_rote,16,0.0431,0.8741,-0.0294,0.9139,POSITIVE,DIVERGENT_SENSITIVE_TO_OUTLIERS,Small exploratory sample (N=16); maximum available from 4 annual transitions per firm. Do not interpret as causal evidence.,"The sample showed a positive exploratory association (r=0.04, rho=-0.03)."
PANEL_A,LAGGED_T_TO_T1,total_cash_returned,efficiency_or_overhead_ratio,16,-0.2478,0.3548,-0.2147,0.4246,NEGATIVE,STABLE_DIRECTION,Small exploratory sample (N=16); maximum available from 4 annual transitions per firm. Do not interpret as causal evidence.,"The sample showed a negative exploratory association (r=-0.25, rho=-0.21)."
PANEL_A,LAGGED_T_TO_T1,cet1_standardized,roe,16,0.1738,0.5197,0.1619,0.5492,POSITIVE,STABLE_DIRECTION,Small exploratory sample (N=16); maximum available from 4 annual transitions per firm. Do not interpret as causal evidence.,"The sample showed a positive exploratory association (r=0.17, rho=0.16)."
PANEL_A,LAGGED_T_TO_T1,cet1_standardized,rotce_or_rote,16,-0.2575,0.3356,-0.3061,0.2489,NEGATIVE,STABLE_DIRECTION,Small exploratory sample (N=16); maximum available from 4 annual transitions per firm. Do not interpret as causal evidence.,"The sample showed a negative exploratory association (r=-0.26, rho=-0.31)."
PANEL_A,LAGGED_T_TO_T1,cet1_standardized,efficiency_or_overhead_ratio,16,0.2039,0.4487,0.3591,0.172,POSITIVE,STABLE_DIRECTION,Small exploratory sample (N=16); maximum available from 4 annual transitions per firm. Do not interpret as causal evidence.,"The sample showed a positive exploratory association (r=0.20, rho=0.36)."
PANEL_A,LAGGED_T_TO_T1,investment_banking_revenue,roe,16,0.0894,0.7419,0.1412,0.602,POSITIVE,STABLE_DIRECTION,Small exploratory sample (N=16); maximum available from 4 annual transitions per firm. Do not interpret as causal evidence.,"The sample showed a positive exploratory association (r=0.09, rho=0.14)."
PANEL_A,LAGGED_T_TO_T1,investment_banking_revenue,rotce_or_rote,16,-0.1574,0.5605,-0.0559,0.8371,NEGATIVE,STABLE_DIRECTION,Small exploratory sample (N=16); maximum available from 4 annual transitions per firm. Do not interpret as causal evidence.,"The sample showed a negative exploratory association (r=-0.16, rho=-0.06)."
PANEL_A,LAGGED_T_TO_T1,investment_banking_revenue,efficiency_or_overhead_ratio,16,-0.1387,0.6085,-0.1647,0.5421,NEGATIVE,STABLE_DIRECTION,Small exploratory sample (N=16); maximum available from 4 annual transitions per firm. Do not interpret as causal evidence.,"The sample showed a negative exploratory association (r=-0.14, rho=-0.16)."
PANEL_A,LAGGED_T_TO_T1,shareholder_distribution_ratio,roe,16,-0.2434,0.3636,-0.2382,0.3743,NEGATIVE,STABLE_DIRECTION,Small exploratory sample (N=16); maximum available from 4 annual transitions per firm. Do not interpret as causal evidence.,"The sample showed a negative exploratory association (r=-0.24, rho=-0.24)."
PANEL_A,LAGGED_T_TO_T1,shareholder_distribution_ratio,rotce_or_rote,16,-0.4607,0.0725,-0.4941,0.0517,NEGATIVE,STABLE_DIRECTION,Small exploratory sample (N=16); maximum available from 4 annual transitions per firm. Do not interpret as causal evidence.,"The sample showed a negative exploratory association (r=-0.46, rho=-0.49)."
PANEL_A,LAGGED_T_TO_T1,shareholder_distribution_ratio,efficiency_or_overhead_ratio,16,0.3636,0.1662,0.3235,0.2216,POSITIVE,STABLE_DIRECTION,Small exploratory sample (N=16); maximum available from 4 annual transitions per firm. Do not interpret as causal evidence.,"The sample showed a positive exploratory association (r=0.36, rho=0.32)."
PANEL_B,LAGGED_T_TO_T1,share_repurchases,operating_margin,12,-0.4033,0.1936,-0.3846,0.217,NEGATIVE,STABLE_DIRECTION,Small exploratory sample (N=12); maximum available from 4 annual transitions per firm. Do not interpret as causal evidence.,"The sample showed a negative exploratory association (r=-0.40, rho=-0.38)."
PANEL_B,LAGGED_T_TO_T1,share_repurchases,operating_income,12,-0.0873,0.7874,0.042,0.897,NEGATIVE,DIVERGENT_SENSITIVE_TO_OUTLIERS,Small exploratory sample (N=12); maximum available from 4 annual transitions per firm. Do not interpret as causal evidence.,"The sample showed a negative exploratory association (r=-0.09, rho=0.04)."
PANEL_B,LAGGED_T_TO_T1,dividends_paid,operating_margin,12,0.1562,0.6279,0.1399,0.6646,POSITIVE,STABLE_DIRECTION,Small exploratory sample (N=12); maximum available from 4 annual transitions per firm. Do not interpret as causal evidence.,"The sample showed a positive exploratory association (r=0.16, rho=0.14)."
PANEL_B,LAGGED_T_TO_T1,dividends_paid,operating_income,12,-0.3367,0.2846,-0.4056,0.1908,NEGATIVE,STABLE_DIRECTION,Small exploratory sample (N=12); maximum available from 4 annual transitions per firm. Do not interpret as causal evidence.,"The sample showed a negative exploratory association (r=-0.34, rho=-0.41)."
PANEL_B,LAGGED_T_TO_T1,total_cash_returned,operating_margin,12,-0.3715,0.2345,-0.2238,0.4845,NEGATIVE,STABLE_DIRECTION,Small exploratory sample (N=12); maximum available from 4 annual transitions per firm. Do not interpret as causal evidence.,"The sample showed a negative exploratory association (r=-0.37, rho=-0.22)."
PANEL_B,LAGGED_T_TO_T1,total_cash_returned,operating_income,12,-0.2439,0.4449,-0.1399,0.6646,NEGATIVE,STABLE_DIRECTION,Small exploratory sample (N=12); maximum available from 4 annual transitions per firm. Do not interpret as causal evidence.,"The sample showed a negative exploratory association (r=-0.24, rho=-0.14)."
PANEL_B,LAGGED_T_TO_T1,compensation_ratio,operating_margin,12,-0.0359,0.9117,-0.1016,0.7534,NEGATIVE,STABLE_DIRECTION,Small exploratory sample (N=12); maximum available from 4 annual transitions per firm. Do not interpret as causal evidence.,"The sample showed a negative exploratory association (r=-0.04, rho=-0.10)."
PANEL_B,LAGGED_T_TO_T1,compensation_ratio,operating_income,12,-0.1521,0.6369,-0.1856,0.5635,NEGATIVE,STABLE_DIRECTION,Small exploratory sample (N=12); maximum available from 4 annual transitions per firm. Do not interpret as causal evidence.,"The sample showed a negative exploratory association (r=-0.15, rho=-0.19)."
PANEL_B,LAGGED_T_TO_T1,investment_banking_revenue,operating_margin,12,0.1141,0.7241,0.028,0.9312,POSITIVE,STABLE_DIRECTION,Small exploratory sample (N=12); maximum available from 4 annual transitions per firm. Do not interpret as causal evidence.,"The sample showed a positive exploratory association (r=0.11, rho=0.03)."
PANEL_B,LAGGED_T_TO_T1,investment_banking_revenue,operating_income,12,0.47,0.1231,0.5035,0.0952,POSITIVE,STABLE_DIRECTION,Small exploratory sample (N=12); maximum available from 4 annual transitions per firm. Do not interpret as causal evidence.,"The sample showed a positive exploratory association (r=0.47, rho=0.50)."
PANEL_B,LAGGED_T_TO_T1,shareholder_distribution_ratio,operating_margin,12,-0.0596,0.854,0.0909,0.7787,NEGATIVE,DIVERGENT_SENSITIVE_TO_OUTLIERS,Small exploratory sample (N=12); maximum available from 4 annual transitions per firm. Do not interpret as causal evidence.,"The sample showed a negative exploratory association (r=-0.06, rho=0.09)."
PANEL_B,LAGGED_T_TO_T1,shareholder_distribution_ratio,operating_income,12,-0.6141,0.0336,-0.5734,0.0513,NEGATIVE,STABLE_DIRECTION,Small exploratory sample (N=12); maximum available from 4 annual transitions per firm. Do not interpret as causal evidence.,"The sample showed a negative exploratory association (r=-0.61, rho=-0.57)."
COMMON_CORE_PANEL_A_AND_B,CONTEMPORANEOUS,net_revenue,investment_banking_revenue,35,0.7384,0.0,0.7616,0.0,POSITIVE,STABLE_DIRECTION,Small exploratory sample (N=35); maximum available from 4 annual transitions per firm. Do not interpret as causal evidence.,"The sample showed a positive exploratory association (r=0.74, rho=0.76)."
COMMON_CORE_PANEL_A_AND_B,CONTEMPORANEOUS,net_revenue,total_cash_returned,35,0.9488,0.0,0.8403,0.0,POSITIVE,STABLE_DIRECTION,Small exploratory sample (N=35); maximum available from 4 annual transitions per firm. Do not interpret as causal evidence.,"The sample showed a positive exploratory association (r=0.95, rho=0.84)."
COMMON_CORE_PANEL_A_AND_B,CONTEMPORANEOUS,investment_banking_revenue,total_cash_returned,35,0.7427,0.0,0.8179,0.0,POSITIVE,STABLE_DIRECTION,Small exploratory sample (N=35); maximum available from 4 annual transitions per firm. Do not interpret as causal evidence.,"The sample showed a positive exploratory association (r=0.74, rho=0.82)."
COMMON_CORE_PANEL_A_AND_B,CONTEMPORANEOUS,net_revenue,dividends_paid,35,0.9815,0.0,0.7622,0.0,POSITIVE,STABLE_DIRECTION,Small exploratory sample (N=35); maximum available from 4 annual transitions per firm. Do not interpret as causal evidence.,"The sample showed a positive exploratory association (r=0.98, rho=0.76)."
COMMON_CORE_PANEL_A_AND_B,CONTEMPORANEOUS,net_revenue,share_repurchases,35,0.8285,0.0,0.8521,0.0,POSITIVE,STABLE_DIRECTION,Small exploratory sample (N=35); maximum available from 4 annual transitions per firm. Do not interpret as causal evidence.,"The sample showed a positive exploratory association (r=0.83, rho=0.85)."
